"Kod";"Nazwa";"licea ogólnokształcące dla młodzieży bez specjalnych;ogółem;ogółem;2020;[ob.]";
0000000;"POLSKA";2209;
0200000;"DOLNOŚLĄSKIE";148;
0201000;"Powiat bolesławiecki";5;
0201011;"Bolesławiec (1)";5;
0202000;"Powiat dzierżoniowski";4;
0202011;"Bielawa (1)";2;
0202021;"Dzierżoniów (1)";2;
0203000;"Powiat głogowski";6;
0203011;"Głogów (1)";6;
0204000;"Powiat górowski";2;
0204013;"Góra (3)";1;
0204014;"Góra - miasto (4)";1;
0204043;"Wąsosz (3)";1;
0204044;"Wąsosz - miasto (4)";1;
0205000;"Powiat jaworski";1;
0205011;"Jawor (1)";1;
0206000;"Powiat karkonoski";5;
0206011;"Karpacz (1)";1;
0206021;"Kowary (1)";1;
0206031;"Piechowice (1)";1;
0206041;"Szklarska Poręba (1)";1;
0206092;"Stara Kamienica (2)";1;
0207000;"Powiat kamiennogórski";1;
0207011;"Kamienna Góra (1)";1;
0208000;"Powiat kłodzki";9;
0208011;"Duszniki-Zdrój (1)";1;
0208021;"Kłodzko (1)";4;
0208031;"Kudowa-Zdrój (1)";1;
0208041;"Nowa Ruda (1)";1;
0208063;"Bystrzyca Kłodzka (3)";1;
0208064;"Bystrzyca Kłodzka - miasto (4)";1;
0208083;"Lądek-Zdrój (3)";1;
0208084;"Lądek-Zdrój - miasto (4)";1;
0209000;"Powiat legnicki";1;
0209011;"Chojnów (1)";1;
0210000;"Powiat lubański";2;
0210011;"Lubań (1)";2;
0211000;"Powiat lubiński";5;
0211011;"Lubin (1)";5;
0212000;"Powiat lwówecki";5;
0212013;"Gryfów Śląski (3)";1;
0212014;"Gryfów Śląski - miasto (4)";1;
0212023;"Lubomierz (3)";1;
0212024;"Lubomierz - miasto (4)";1;
0212033;"Lwówek Śląski (3)";2;
0212034;"Lwówek Śląski - miasto (4)";1;
0212035;"Lwówek Śląski - obszar wiejski (5)";1;
0212043;"Mirsk (3)";1;
0212044;"Mirsk - miasto (4)";1;
0213000;"Powiat milicki";2;
0213033;"Milicz (3)";2;
0213034;"Milicz - miasto (4)";2;
0214000;"Powiat oleśnicki";4;
0214011;"Oleśnica (1)";2;
0214023;"Bierutów (3)";1;
0214024;"Bierutów - miasto (4)";1;
0214073;"Syców (3)";1;
0214074;"Syców - miasto (4)";1;
0215000;"Powiat oławski";3;
0215011;"Oława (1)";2;
0215033;"Jelcz-Laskowice (3)";1;
0215034;"Jelcz-Laskowice - miasto (4)";1;
0216000;"Powiat polkowicki";3;
0216043;"Polkowice (3)";2;
0216044;"Polkowice - miasto (4)";2;
0216053;"Przemków (3)";1;
0216054;"Przemków - miasto (4)";1;
0217000;"Powiat strzeliński";1;
0217043;"Strzelin (3)";1;
0217044;"Strzelin - miasto (4)";1;
0218000;"Powiat średzki";1;
0218043;"Środa Śląska (3)";1;
0218044;"Środa Śląska - miasto (4)";1;
0219000;"Powiat świdnicki";8;
0219011;"Świdnica (1)";6;
0219021;"Świebodzice (1)";1;
0219063;"Strzegom (3)";1;
0219064;"Strzegom - miasto (4)";1;
0220000;"Powiat trzebnicki";3;
0220013;"Oborniki Śląskie (3)";1;
0220014;"Oborniki Śląskie - miasto (4)";1;
0220033;"Trzebnica (3)";1;
0220034;"Trzebnica - miasto (4)";1;
0220063;"Żmigród (3)";1;
0220064;"Żmigród - miasto (4)";1;
0221000;"Powiat wałbrzyski";1;
0221031;"Szczawno-Zdrój (1)";1;
0222000;"Powiat wołowski";4;
0222013;"Brzeg Dolny (3)";2;
0222014;"Brzeg Dolny - miasto (4)";2;
0222033;"Wołów (3)";2;
0222034;"Wołów - miasto (4)";2;
0223000;"Powiat wrocławski";2;
0223022;"Długołęka (2)";1;
0223073;"Sobótka (3)";1;
0223074;"Sobótka - miasto (4)";1;
0224000;"Powiat ząbkowicki";3;
0224053;"Ząbkowice Śląskie (3)";1;
0224054;"Ząbkowice Śląskie - miasto (4)";1;
0224063;"Ziębice (3)";2;
0224064;"Ziębice - miasto (4)";1;
0224065;"Ziębice - obszar wiejski (5)";1;
0225000;"Powiat zgorzelecki";5;
0225021;"Zgorzelec (1)";4;
0225033;"Bogatynia (3)";1;
0225034;"Bogatynia - miasto (4)";1;
0226000;"Powiat złotoryjski";2;
0226021;"Złotoryja (1)";2;
0261000;"Powiat m.Jelenia Góra";4;
0261011;"Jelenia Góra (1)";4;
0262000;"Powiat m.Legnica";9;
0262011;"Legnica (1)";9;
0264000;"Powiat m.Wrocław";41;
0264011;"Wrocław (1)";41;
0265000;"Powiat m.Wałbrzych od 2013";6;
0265011;"Wałbrzych od 2013 (1)";6;
0400000;"KUJAWSKO-POMORSKIE";112;
0401000;"Powiat aleksandrowski";3;
0401011;"Aleksandrów Kujawski (1)";2;
0401021;"Ciechocinek (1)";1;
0402000;"Powiat brodnicki";4;
0402011;"Brodnica (1)";2;
0402053;"Górzno (3)";1;
0402054;"Górzno - miasto (4)";1;
0402073;"Jabłonowo Pomorskie (3)";1;
0402074;"Jabłonowo Pomorskie - miasto (4)";1;
0403000;"Powiat bydgoski";2;
0403043;"Koronowo (3)";1;
0403044;"Koronowo - miasto (4)";1;
0403083;"Solec Kujawski (3)";1;
0403084;"Solec Kujawski - miasto (4)";1;
0404000;"Powiat chełmiński";3;
0404011;"Chełmno (1)";2;
0404072;"Unisław (2)";1;
0405000;"Powiat golubsko-dobrzyński";1;
0405011;"Golub-Dobrzyń (1)";1;
0406000;"Powiat grudziądzki";1;
0406033;"Łasin (3)";1;
0406034;"Łasin - miasto (4)";1;
0407000;"Powiat inowrocławski";7;
0407011;"Inowrocław (1)";5;
0407063;"Kruszwica (3)";1;
0407064;"Kruszwica - miasto (4)";1;
0407073;"Pakość (3)";1;
0407075;"Pakość - obszar wiejski (5)";1;
0408000;"Powiat lipnowski";2;
0408011;"Lipno (1)";1;
0408073;"Skępe (3)";1;
0408074;"Skępe - miasto (4)";1;
0409000;"Powiat mogileński";3;
0409033;"Mogilno (3)";2;
0409034;"Mogilno - miasto (4)";1;
0409035;"Mogilno - obszar wiejski (5)";1;
0409043;"Strzelno (3)";1;
0409044;"Strzelno - miasto (4)";1;
0410000;"Powiat nakielski";4;
0410013;"Kcynia (3)";1;
0410014;"Kcynia - miasto (4)";1;
0410033;"Nakło nad Notecią (3)";2;
0410034;"Nakło nad Notecią - miasto (4)";2;
0410053;"Szubin (3)";1;
0410054;"Szubin - miasto (4)";1;
0411000;"Powiat radziejowski";2;
0411011;"Radziejów (1)";1;
0411062;"Radziejów (2)";1;
0412000;"Powiat rypiński";1;
0412011;"Rypin (1)";1;
0413000;"Powiat sępoleński";2;
0413023;"Sępólno Krajeńskie (3)";1;
0413024;"Sępólno Krajeńskie - miasto (4)";1;
0413043;"Więcbork (3)";1;
0413044;"Więcbork - miasto (4)";1;
0414000;"Powiat świecki";6;
0414063;"Nowe (3)";1;
0414064;"Nowe - miasto (4)";1;
0414093;"Świecie (3)";5;
0414094;"Świecie - miasto (4)";5;
0415000;"Powiat toruński";2;
0415011;"Chełmża (1)";1;
0415072;"Obrowo (2)";1;
0416000;"Powiat tucholski";1;
0416063;"Tuchola (3)";1;
0416064;"Tuchola - miasto (4)";1;
0417000;"Powiat wąbrzeski";2;
0417011;"Wąbrzeźno (1)";2;
0418000;"Powiat włocławski";5;
0418011;"Kowal (1)";1;
0418052;"Choceń (2)";1;
0418083;"Izbica Kujawska (3)";1;
0418084;"Izbica Kujawska - miasto (4)";1;
0418123;"Lubraniec (3)";1;
0418124;"Lubraniec - miasto (4)";1;
0418132;"Włocławek (2)";1;
0419000;"Powiat żniński";4;
0419013;"Barcin (3)";1;
0419014;"Barcin - miasto (4)";1;
0419022;"Gąsawa (2)";1;
0419033;"Janowiec Wielkopolski (3)";1;
0419034;"Janowiec Wielkopolski - miasto (4)";1;
0419063;"Żnin (3)";1;
0419064;"Żnin - miasto (4)";1;
0461000;"Powiat m.Bydgoszcz";24;
0461011;"Bydgoszcz (1)";24;
0462000;"Powiat m.Grudziądz";7;
0462011;"Grudziądz (1)";7;
0463000;"Powiat m.Toruń";17;
0463011;"Toruń (1)";17;
0464000;"Powiat m.Włocławek";9;
0464011;"Włocławek (1)";9;
0600000;"LUBELSKIE";133;
0601000;"Powiat bialski";5;
0601011;"Międzyrzec Podlaski (1)";1;
0601021;"Terespol (1)";1;
0601052;"Janów Podlaski (2)";1;
0601162;"Terespol (2)";1;
0601182;"Wisznice (2)";1;
0602000;"Powiat biłgorajski";4;
0602011;"Biłgoraj (1)";3;
0602142;"Turobin (2)";1;
0603000;"Powiat chełmski";2;
0603052;"Dubienka (2)";1;
0603113;"Siedliszcze (3)";1;
0603114;"Siedliszcze - miasto (4)";1;
0604000;"Powiat hrubieszowski";3;
0604011;"Hrubieszów (1)";2;
0604032;"Horodło (2)";1;
0605000;"Powiat janowski";3;
0605053;"Janów Lubelski (3)";2;
0605054;"Janów Lubelski - miasto (4)";2;
0605063;"Modliborzyce (3)";1;
0605064;"Modliborzyce - miasto (4)";1;
0606000;"Powiat krasnostawski";3;
0606011;"Krasnystaw (1)";3;
0607000;"Powiat kraśnicki";5;
0607011;"Kraśnik (1)";4;
0607083;"Urzędów (3)";1;
0607084;"Urzędów - miasto (4)";1;
0608000;"Powiat lubartowski";3;
0608011;"Lubartów (1)";2;
0608063;"Kock (3)";1;
0608064;"Kock - miasto (4)";1;
0609000;"Powiat lubelski";5;
0609013;"Bełżyce (3)";1;
0609014;"Bełżyce - miasto (4)";1;
0609033;"Bychawa (3)";1;
0609034;"Bychawa - miasto (4)";1;
0609112;"Niemce (2)";1;
0609122;"Strzyżewice (2)";1;
0609152;"Wysokie (2)";1;
0610000;"Powiat łęczyński";4;
0610033;"Łęczna (3)";2;
0610034;"Łęczna - miasto (4)";2;
0610042;"Milejów (2)";1;
0610052;"Puchaczów (2)";1;
0611000;"Powiat łukowski";5;
0611011;"Łuków (1)";2;
0611021;"Stoczek Łukowski (1)";1;
0611032;"Adamów (2)";1;
0611042;"Krzywda (2)";1;
0612000;"Powiat opolski";2;
0612053;"Opole Lubelskie (3)";1;
0612054;"Opole Lubelskie - miasto (4)";1;
0612063;"Poniatowa (3)";1;
0612064;"Poniatowa - miasto (4)";1;
0613000;"Powiat parczewski";1;
0613043;"Parczew (3)";1;
0613044;"Parczew - miasto (4)";1;
0614000;"Powiat puławski";10;
0614011;"Puławy (1)";8;
0614062;"Kurów (2)";1;
0614083;"Nałęczów (3)";1;
0614084;"Nałęczów - miasto (4)";1;
0615000;"Powiat radzyński";3;
0615011;"Radzyń Podlaski (1)";2;
0615052;"Komarówka Podlaska (2)";1;
0616000;"Powiat rycki";5;
0616011;"Dęblin (1)";2;
0616043;"Ryki (3)";2;
0616044;"Ryki - miasto (4)";2;
0616062;"Ułęż (2)";1;
0617000;"Powiat świdnicki";3;
0617011;"Świdnik (1)";3;
0618000;"Powiat tomaszowski";3;
0618011;"Tomaszów Lubelski (1)";2;
0618063;"Łaszczów (3)";1;
0618064;"Łaszczów - miasto (4)";1;
0619000;"Powiat włodawski";2;
0619011;"Włodawa (1)";2;
0620000;"Powiat zamojski";3;
0620022;"Grabowiec (2)";1;
0620043;"Krasnobród (3)";1;
0620044;"Krasnobród - miasto (4)";1;
0620133;"Szczebrzeszyn (3)";1;
0620134;"Szczebrzeszyn - miasto (4)";1;
0661000;"Powiat m.Biała Podlaska";7;
0661011;"Biała Podlaska (1)";7;
0662000;"Powiat m.Chełm";6;
0662011;"Chełm (1)";6;
0663000;"Powiat m.Lublin";37;
0663011;"Lublin (1)";37;
0664000;"Powiat m.Zamość";9;
0664011;"Zamość (1)";9;
0800000;"LUBUSKIE";50;
0801000;"Powiat gorzowski";2;
0801011;"Kostrzyn nad Odrą (1)";1;
0801073;"Witnica (3)";1;
0801074;"Witnica - miasto (4)";1;
0802000;"Powiat krośnieński";2;
0802011;"Gubin (1)";1;
0802063;"Krosno Odrzańskie (3)";1;
0802064;"Krosno Odrzańskie - miasto (4)";1;
0803000;"Powiat międzyrzecki";2;
0803023;"Międzyrzecz (3)";1;
0803024;"Międzyrzecz - miasto (4)";1;
0803053;"Skwierzyna (3)";1;
0803054;"Skwierzyna - miasto (4)";1;
0804000;"Powiat nowosolski";3;
0804011;"Nowa Sól (1)";2;
0804063;"Nowe Miasteczko (3)";1;
0804064;"Nowe Miasteczko - miasto (4)";1;
0805000;"Powiat słubicki";3;
0805043;"Rzepin (3)";1;
0805044;"Rzepin - miasto (4)";1;
0805053;"Słubice (3)";2;
0805054;"Słubice - miasto (4)";2;
0806000;"Powiat strzelecko-drezdenecki";3;
0806013;"Dobiegniew (3)";1;
0806014;"Dobiegniew - miasto (4)";1;
0806023;"Drezdenko (3)";1;
0806024;"Drezdenko - miasto (4)";1;
0806043;"Strzelce Krajeńskie (3)";1;
0806044;"Strzelce Krajeńskie - miasto (4)";1;
0807000;"Powiat sulęciński";2;
0807043;"Sulęcin (3)";2;
0807044;"Sulęcin - miasto (4)";2;
0808000;"Powiat świebodziński";2;
0808053;"Świebodzin (3)";1;
0808054;"Świebodzin - miasto (4)";1;
0808063;"Zbąszynek (3)";1;
0808064;"Zbąszynek - miasto (4)";1;
0809000;"Powiat zielonogórski";2;
0809033;"Czerwieńsk (3)";1;
0809034;"Czerwieńsk - miasto (4)";1;
0809063;"Sulechów (3)";1;
0809064;"Sulechów - miasto (4)";1;
0810000;"Powiat żagański";4;
0810021;"Żagań (1)";3;
0810073;"Szprotawa (3)";1;
0810074;"Szprotawa - miasto (4)";1;
0811000;"Powiat żarski";4;
0811021;"Żary (1)";3;
0811063;"Lubsko (3)";1;
0811064;"Lubsko - miasto (4)";1;
0812000;"Powiat wschowski";2;
0812033;"Wschowa (3)";2;
0812034;"Wschowa - miasto (4)";2;
0861000;"Powiat m.Gorzów Wielkopolski";9;
0861011;"Gorzów Wielkopolski (1)";9;
0862000;"Powiat m.Zielona Góra";10;
0862011;"Zielona Góra (1)";10;
1000000;"ŁÓDZKIE";154;
1001000;"Powiat bełchatowski";8;
1001011;"Bełchatów (1)";5;
1001042;"Kleszczów (2)";1;
1001072;"Szczerców (2)";1;
1001083;"Zelów (3)";1;
1001084;"Zelów - miasto (4)";1;
1002000;"Powiat kutnowski";9;
1002011;"Kutno (1)";6;
1002043;"Krośniewice (3)";1;
1002044;"Krośniewice - miasto (4)";1;
1002113;"Żychlin (3)";2;
1002114;"Żychlin - miasto (4)";2;
1003000;"Powiat łaski";3;
1003023;"Łask (3)";3;
1003024;"Łask - miasto (4)";2;
1003025;"Łask - obszar wiejski (5)";1;
1004000;"Powiat łęczycki";2;
1004011;"Łęczyca (1)";2;
1005000;"Powiat łowicki";4;
1005011;"Łowicz (1)";4;
1006000;"Powiat łódzki wschodni";4;
1006022;"Andrespol (2)";1;
1006073;"Koluszki (3)";2;
1006074;"Koluszki - miasto (4)";2;
1006113;"Tuszyn (3)";1;
1006114;"Tuszyn - miasto (4)";1;
1007000;"Powiat opoczyński";5;
1007023;"Drzewica (3)";1;
1007024;"Drzewica - miasto (4)";1;
1007043;"Opoczno (3)";4;
1007044;"Opoczno - miasto (4)";4;
1008000;"Powiat pabianicki";5;
1008021;"Pabianice (1)";5;
1009000;"Powiat pajęczański";2;
1009013;"Działoszyn (3)";1;
1009014;"Działoszyn - miasto (4)";1;
1009043;"Pajęczno (3)";1;
1009044;"Pajęczno - miasto (4)";1;
1010000;"Powiat piotrkowski";1;
1010102;"Wola Krzysztoporska (2)";1;
1011000;"Powiat poddębicki";1;
1011033;"Poddębice (3)";1;
1011034;"Poddębice - miasto (4)";1;
1012000;"Powiat radomszczański";5;
1012011;"Radomsko (1)";3;
1012053;"Kamieńsk (3)";1;
1012054;"Kamieńsk - miasto (4)";1;
1012113;"Przedbórz (3)";1;
1012114;"Przedbórz - miasto (4)";1;
1013000;"Powiat rawski";4;
1013011;"Rawa Mazowiecka (1)";3;
1013023;"Biała Rawska (3)";1;
1013024;"Biała Rawska - miasto (4)";1;
1014000;"Powiat sieradzki";7;
1014011;"Sieradz (1)";4;
1014023;"Błaszki (3)";1;
1014024;"Błaszki - miasto (4)";1;
1014093;"Warta (3)";1;
1014094;"Warta - miasto (4)";1;
1014113;"Złoczew (3)";1;
1014114;"Złoczew - miasto (4)";1;
1015000;"Powiat skierniewicki";1;
1015012;"Bolimów (2)";1;
1016000;"Powiat tomaszowski";6;
1016011;"Tomaszów Mazowiecki (1)";5;
1016052;"Inowłódz (2)";1;
1017000;"Powiat wieluński";3;
1017093;"Wieluń (3)";3;
1017094;"Wieluń - miasto (4)";3;
1018000;"Powiat wieruszowski";1;
1018073;"Wieruszów (3)";1;
1018074;"Wieruszów - miasto (4)";1;
1019000;"Powiat zduńskowolski";5;
1019011;"Zduńska Wola (1)";4;
1019042;"Zduńska Wola (2)";1;
1020000;"Powiat zgierski";10;
1020011;"Głowno (1)";2;
1020021;"Ozorków (1)";1;
1020031;"Zgierz (1)";4;
1020043;"Aleksandrów Łódzki (3)";2;
1020044;"Aleksandrów Łódzki - miasto (4)";2;
1020083;"Stryków (3)";1;
1020085;"Stryków - obszar wiejski (5)";1;
1021000;"Powiat brzeziński";2;
1021011;"Brzeziny (1)";2;
1061000;"Powiat m.Łódź";54;
1061011;"Łódź (1)";54;
1062000;"Powiat m.Piotrków Trybunalski";7;
1062011;"Piotrków Trybunalski (1)";7;
1063000;"Powiat m.Skierniewice";5;
1063011;"Skierniewice (1)";5;
1200000;"MAŁOPOLSKIE";175;
1201000;"Powiat bocheński";4;
1201011;"Bochnia (1)";3;
1201092;"Żegocina (2)";1;
1202000;"Powiat brzeski";2;
1202023;"Brzesko (3)";2;
1202024;"Brzesko - miasto (4)";2;
1203000;"Powiat chrzanowski";4;
1203033;"Chrzanów (3)";2;
1203034;"Chrzanów - miasto (4)";2;
1203043;"Libiąż (3)";1;
1203044;"Libiąż - miasto (4)";1;
1203053;"Trzebinia (3)";1;
1203054;"Trzebinia - miasto (4)";1;
1204000;"Powiat dąbrowski";3;
1204023;"Dąbrowa Tarnowska (3)";2;
1204024;"Dąbrowa Tarnowska - miasto (4)";2;
1204073;"Szczucin (3)";1;
1204074;"Szczucin - miasto (4)";1;
1205000;"Powiat gorlicki";4;
1205011;"Gorlice (1)";2;
1205023;"Biecz (3)";1;
1205024;"Biecz - miasto (4)";1;
1205033;"Bobowa (3)";1;
1205034;"Bobowa - miasto (4)";1;
1206000;"Powiat krakowski";6;
1206063;"Krzeszowice (3)";1;
1206064;"Krzeszowice - miasto (4)";1;
1206072;"Liszki (2)";1;
1206103;"Skała (3)";1;
1206104;"Skała - miasto (4)";1;
1206113;"Skawina (3)";2;
1206114;"Skawina - miasto (4)";2;
1206143;"Świątniki Górne (3)";1;
1206144;"Świątniki Górne - miasto (4)";1;
1207000;"Powiat limanowski";3;
1207011;"Limanowa (1)";2;
1207122;"Tymbark (2)";1;
1208000;"Powiat miechowski";3;
1208042;"Książ Wielki (2)";1;
1208053;"Miechów (3)";2;
1208054;"Miechów - miasto (4)";2;
1209000;"Powiat myślenicki";5;
1209013;"Dobczyce (3)";1;
1209014;"Dobczyce - miasto (4)";1;
1209033;"Myślenice (3)";4;
1209034;"Myślenice - miasto (4)";4;
1210000;"Powiat nowosądecki";5;
1210011;"Grybów (1)";1;
1210022;"Chełmiec (2)";1;
1210073;"Krynica-Zdrój (3)";1;
1210074;"Krynica-Zdrój - miasto (4)";1;
1210113;"Muszyna (3)";1;
1210114;"Muszyna - miasto (4)";1;
1210163;"Stary Sącz (3)";1;
1210164;"Stary Sącz - miasto (4)";1;
1211000;"Powiat nowotarski";10;
1211011;"Nowy Targ (1)";4;
1211032;"Czarny Dunajec (2)";1;
1211052;"Jabłonka (2)";1;
1211062;"Krościenko nad Dunajcem (2)";1;
1211072;"Lipnica Wielka (2)";1;
1211123;"Rabka-Zdrój (3)";2;
1211124;"Rabka-Zdrój - miasto (4)";2;
1212000;"Powiat olkuski";5;
1212053;"Olkusz (3)";4;
1212054;"Olkusz - miasto (4)";4;
1212073;"Wolbrom (3)";1;
1212074;"Wolbrom - miasto (4)";1;
1213000;"Powiat oświęcimski";8;
1213011;"Oświęcim (1)";3;
1213043;"Kęty (3)";5;
1213044;"Kęty - miasto (4)";5;
1214000;"Powiat proszowicki";1;
1214053;"Proszowice (3)";1;
1214054;"Proszowice - miasto (4)";1;
1215000;"Powiat suski";2;
1215011;"Jordanów (1)";1;
1215021;"Sucha Beskidzka (1)";1;
1216000;"Powiat tarnowski";5;
1216013;"Ciężkowice (3)";1;
1216014;"Ciężkowice - miasto (4)";1;
1216022;"Gromnik (2)";1;
1216103;"Tuchów (3)";1;
1216104;"Tuchów - miasto (4)";1;
1216133;"Wojnicz (3)";1;
1216134;"Wojnicz - miasto (4)";1;
1216143;"Zakliczyn (3)";1;
1216144;"Zakliczyn - miasto (4)";1;
1217000;"Powiat tatrzański";4;
1217011;"Zakopane (1)";4;
1218000;"Powiat wadowicki";6;
1218013;"Andrychów (3)";2;
1218014;"Andrychów - miasto (4)";2;
1218033;"Kalwaria Zebrzydowska (3)";1;
1218034;"Kalwaria Zebrzydowska - miasto (4)";1;
1218093;"Wadowice (3)";3;
1218094;"Wadowice - miasto (4)";3;
1219000;"Powiat wielicki";5;
1219022;"Gdów (2)";1;
1219043;"Niepołomice (3)";1;
1219044;"Niepołomice - miasto (4)";1;
1219053;"Wieliczka (3)";3;
1219054;"Wieliczka - miasto (4)";3;
1261000;"Powiat m.Kraków";65;
1261011;"Kraków (1)";65;
1262000;"Powiat m.Nowy Sącz";12;
1262011;"Nowy Sącz (1)";12;
1263000;"Powiat m.Tarnów";13;
1263011;"Tarnów (1)";13;
1400000;"MAZOWIECKIE";395;
1401000;"Powiat białobrzeski";2;
1401013;"Białobrzegi (3)";2;
1401014;"Białobrzegi - miasto (4)";2;
1402000;"Powiat ciechanowski";6;
1402011;"Ciechanów (1)";6;
1403000;"Powiat garwoliński";6;
1403011;"Garwolin (1)";3;
1403021;"Łaskarzew (1)";1;
1403112;"Sobolew (2)";1;
1403143;"Żelechów (3)";1;
1403144;"Żelechów - miasto (4)";1;
1404000;"Powiat gostyniński";2;
1404011;"Gostynin (1)";2;
1405000;"Powiat grodziski";7;
1405011;"Milanówek (1)";3;
1405021;"Podkowa Leśna (1)";1;
1405043;"Grodzisk Mazowiecki (3)";3;
1405044;"Grodzisk Mazowiecki - miasto (4)";2;
1405045;"Grodzisk Mazowiecki - obszar wiejski (5)";1;
1406000;"Powiat grójecki";5;
1406053;"Grójec (3)";1;
1406054;"Grójec - miasto (4)";1;
1406062;"Jasieniec (2)";1;
1406073;"Mogielnica (3)";1;
1406074;"Mogielnica - miasto (4)";1;
1406083;"Nowe Miasto nad Pilicą (3)";1;
1406084;"Nowe Miasto nad Pilicą - miasto (4)";1;
1406113;"Warka (3)";1;
1406114;"Warka - miasto (4)";1;
1407000;"Powiat kozienicki";2;
1407053;"Kozienice (3)";2;
1407054;"Kozienice - miasto (4)";2;
1408000;"Powiat legionowski";7;
1408011;"Legionowo (1)";4;
1408022;"Jabłonna (2)";1;
1408032;"Nieporęt (2)";1;
1408052;"Wieliszew (2)";1;
1409000;"Powiat lipski";3;
1409033;"Lipsko (3)";1;
1409034;"Lipsko - miasto (4)";1;
1409052;"Sienno (2)";1;
1409062;"Solec nad Wisłą (2)";1;
1410000;"Powiat łosicki";1;
1410023;"Łosice (3)";1;
1410024;"Łosice - miasto (4)";1;
1411000;"Powiat makowski";3;
1411011;"Maków Mazowiecki (1)";1;
1411042;"Krasnosielc (2)";1;
1411073;"Różan (3)";1;
1411074;"Różan - miasto (4)";1;
1412000;"Powiat miński";12;
1412011;"Mińsk Mazowiecki (1)";5;
1412052;"Dębe Wielkie (2)";1;
1412123;"Mrozy (3)";1;
1412124;"Mrozy - miasto (4)";1;
1412132;"Siennica (2)";1;
1412151;"Sulejówek (1)";4;
1413000;"Powiat mławski";7;
1413011;"Mława (1)";5;
1413042;"Radzanów (2)";1;
1413052;"Strzegowo (2)";1;
1414000;"Powiat nowodworski";4;
1414011;"Nowy Dwór Mazowiecki (1)";1;
1414043;"Nasielsk (3)";2;
1414044;"Nasielsk - miasto (4)";2;
1414052;"Pomiechówek (2)";1;
1415000;"Powiat ostrołęcki";2;
1415052;"Kadzidło (2)";1;
1415083;"Myszyniec (3)";1;
1415084;"Myszyniec - miasto (4)";1;
1416000;"Powiat ostrowski";3;
1416011;"Ostrów Mazowiecka (1)";3;
1417000;"Powiat otwocki";6;
1417011;"Józefów (1)";3;
1417021;"Otwock (1)";3;
1418000;"Powiat piaseczyński";13;
1418013;"Góra Kalwaria (3)";2;
1418014;"Góra Kalwaria - miasto (4)";2;
1418023;"Konstancin-Jeziorna (3)";2;
1418024;"Konstancin-Jeziorna - miasto (4)";2;
1418032;"Lesznowola (2)";1;
1418043;"Piaseczno (3)";6;
1418044;"Piaseczno - miasto (4)";5;
1418045;"Piaseczno - obszar wiejski (5)";1;
1418063;"Tarczyn (3)";2;
1418064;"Tarczyn - miasto (4)";2;
1419000;"Powiat płocki";2;
1419063;"Gąbin (3)";1;
1419064;"Gąbin - miasto (4)";1;
1419153;"Wyszogród (3)";1;
1419154;"Wyszogród - miasto (4)";1;
1420000;"Powiat płoński";6;
1420011;"Płońsk (1)";3;
1420021;"Raciąż (1)";2;
1420082;"Nowe Miasto (2)";1;
1421000;"Powiat pruszkowski";13;
1421011;"Piastów (1)";3;
1421021;"Pruszków (1)";7;
1421033;"Brwinów (3)";1;
1421034;"Brwinów - miasto (4)";1;
1421042;"Michałowice (2)";1;
1421052;"Nadarzyn (2)";1;
1422000;"Powiat przasnyski";5;
1422011;"Przasnysz (1)";3;
1422023;"Chorzele (3)";1;
1422024;"Chorzele - miasto (4)";1;
1422042;"Jednorożec (2)";1;
1423000;"Powiat przysuski";2;
1423042;"Odrzywół (2)";1;
1423063;"Przysucha (3)";1;
1423064;"Przysucha - miasto (4)";1;
1424000;"Powiat pułtuski";3;
1424043;"Pułtusk (3)";3;
1424044;"Pułtusk - miasto (4)";3;
1425000;"Powiat radomski";3;
1425011;"Pionki (1)";1;
1425033;"Iłża (3)";2;
1425034;"Iłża - miasto (4)";1;
1425035;"Iłża - obszar wiejski (5)";1;
1427000;"Powiat sierpecki";5;
1427011;"Sierpc (1)";4;
1427072;"Zawidz (2)";1;
1428000;"Powiat sochaczewski";6;
1428011;"Sochaczew (1)";5;
1428082;"Teresin (2)";1;
1429000;"Powiat sokołowski";4;
1429011;"Sokołów Podlaski (1)";3;
1429053;"Kosów Lacki (3)";1;
1429054;"Kosów Lacki - miasto (4)";1;
1430000;"Powiat szydłowiecki";2;
1430053;"Szydłowiec (3)";2;
1430054;"Szydłowiec - miasto (4)";2;
1432000;"Powiat warszawski zachodni";7;
1432013;"Błonie (3)";2;
1432014;"Błonie - miasto (4)";2;
1432053;"Łomianki (3)";4;
1432054;"Łomianki - miasto (4)";4;
1432072;"Stare Babice (2)";1;
1433000;"Powiat węgrowski";5;
1433011;"Węgrów (1)";2;
1433053;"Łochów (3)";1;
1433054;"Łochów - miasto (4)";1;
1433072;"Sadowne (2)";1;
1433082;"Stoczek (2)";1;
1434000;"Powiat wołomiński";11;
1434021;"Marki (1)";2;
1434031;"Ząbki (1)";1;
1434041;"Zielonka (1)";1;
1434062;"Jadów (2)";1;
1434093;"Radzymin (3)";1;
1434094;"Radzymin - miasto (4)";1;
1434113;"Tłuszcz (3)";1;
1434114;"Tłuszcz - miasto (4)";1;
1434123;"Wołomin (3)";4;
1434124;"Wołomin - miasto (4)";4;
1435000;"Powiat wyszkowski";5;
1435053;"Wyszków (3)";5;
1435054;"Wyszków - miasto (4)";5;
1436000;"Powiat zwoleński";1;
1436053;"Zwoleń (3)";1;
1436054;"Zwoleń - miasto (4)";1;
1437000;"Powiat żuromiński";2;
1437013;"Bieżuń (3)";1;
1437014;"Bieżuń - miasto (4)";1;
1437063;"Żuromin (3)";1;
1437064;"Żuromin - miasto (4)";1;
1438000;"Powiat żyrardowski";5;
1438011;"Żyrardów (1)";2;
1438023;"Mszczonów (3)";1;
1438024;"Mszczonów - miasto (4)";1;
1438032;"Puszcza Mariańska (2)";1;
1438052;"Wiskitki (2)";1;
1461000;"Powiat m.Ostrołęka";6;
1461011;"Ostrołęka (1)";6;
1462000;"Powiat m.Płock";13;
1462011;"Płock (1)";13;
1463000;"Powiat m.Radom";16;
1463011;"Radom (1)";16;
1464000;"Powiat m.Siedlce";8;
1464011;"Siedlce (1)";8;
1465000;"Powiat m. st. Warszawa";174;
1465011;"M.st.Warszawa od 2002 (1)";174;
1465028;"Bemowo - dzielnica (8)";4;
1465038;"Białołęka - dzielnica (8)";2;
1465048;"Bielany - dzielnica (8)";14;
1465058;"Mokotów - dzielnica (8)";27;
1465068;"Ochota - dzielnica (8)";9;
1465078;"Praga-Południe - dzielnica (8)";12;
1465088;"Praga-Północ - dzielnica (8)";8;
1465098;"Rembertów - dzielnica (8)";1;
1465108;"Śródmieście - dzielnica (8)";28;
1465118;"Targówek - dzielnica (8)";7;
1465128;"Ursus - dzielnica (8)";2;
1465138;"Ursynów - dzielnica (8)";11;
1465148;"Wawer - dzielnica (8)";7;
1465158;"Wesoła - dzielnica (8)";4;
1465168;"Wilanów - dzielnica (8)";4;
1465178;"Włochy - dzielnica (8)";6;
1465188;"Wola - dzielnica (8)";20;
1465198;"Żoliborz - dzielnica (8)";8;
1600000;"OPOLSKIE";43;
1601000;"Powiat brzeski";3;
1601011;"Brzeg (1)";2;
1601033;"Grodków (3)";1;
1601034;"Grodków - miasto (4)";1;
1602000;"Powiat głubczycki";2;
1602033;"Głubczyce (3)";1;
1602034;"Głubczyce - miasto (4)";1;
1602043;"Kietrz (3)";1;
1602044;"Kietrz - miasto (4)";1;
1603000;"Powiat kędzierzyńsko-kozielski";3;
1603011;"Kędzierzyn-Koźle (1)";3;
1604000;"Powiat kluczborski";4;
1604023;"Kluczbork (3)";3;
1604024;"Kluczbork - miasto (4)";3;
1604043;"Wołczyn (3)";1;
1604044;"Wołczyn - miasto (4)";1;
1605000;"Powiat krapkowicki";2;
1605013;"Gogolin (3)";1;
1605014;"Gogolin - miasto (4)";1;
1605023;"Krapkowice (3)";1;
1605024;"Krapkowice - miasto (4)";1;
1606000;"Powiat namysłowski";1;
1606023;"Namysłów (3)";1;
1606024;"Namysłów - miasto (4)";1;
1607000;"Powiat nyski";6;
1607013;"Głuchołazy (3)";1;
1607014;"Głuchołazy - miasto (4)";1;
1607053;"Nysa (3)";3;
1607054;"Nysa - miasto (4)";3;
1607063;"Otmuchów (3)";1;
1607064;"Otmuchów - miasto (4)";1;
1607073;"Paczków (3)";1;
1607074;"Paczków - miasto (4)";1;
1608000;"Powiat oleski";4;
1608013;"Dobrodzień (3)";1;
1608014;"Dobrodzień - miasto (4)";1;
1608033;"Olesno (3)";2;
1608034;"Olesno - miasto (4)";2;
1608043;"Praszka (3)";1;
1608044;"Praszka - miasto (4)";1;
1609000;"Powiat opolski";5;
1609032;"Dobrzeń Wielki (2)";1;
1609073;"Niemodlin (3)";1;
1609074;"Niemodlin - miasto (4)";1;
1609083;"Ozimek (3)";1;
1609084;"Ozimek - miasto (4)";1;
1609103;"Prószków (3)";1;
1609104;"Prószków - miasto (4)";1;
1609123;"Tułowice (3)";1;
1609124;"Tułowice - miasto (4)";1;
1610000;"Powiat prudnicki";2;
1610043;"Prudnik (3)";2;
1610044;"Prudnik - miasto (4)";2;
1611000;"Powiat strzelecki";2;
1611053;"Strzelce Opolskie (3)";1;
1611054;"Strzelce Opolskie - miasto (4)";1;
1611073;"Zawadzkie (3)";1;
1611074;"Zawadzkie - miasto (4)";1;
1661000;"Powiat m.Opole";9;
1661011;"Opole (1)";9;
1800000;"PODKARPACKIE";121;
1801000;"Powiat bieszczadzki";1;
1801083;"Ustrzyki Dolne (3)";1;
1801084;"Ustrzyki Dolne - miasto (4)";1;
1802000;"Powiat brzozowski";2;
1802013;"Brzozów (3)";2;
1802014;"Brzozów - miasto (4)";2;
1803000;"Powiat dębicki";7;
1803011;"Dębica (1)";4;
1803042;"Dębica (2)";1;
1803052;"Jodłowa (2)";1;
1803063;"Pilzno (3)";1;
1803064;"Pilzno - miasto (4)";1;
1804000;"Powiat jarosławski";7;
1804011;"Jarosław (1)";7;
1805000;"Powiat jasielski";7;
1805011;"Jasło (1)";3;
1805042;"Jasło (2)";2;
1805053;"Kołaczyce (3)";1;
1805054;"Kołaczyce - miasto (4)";1;
1805072;"Nowy Żmigród (2)";1;
1806000;"Powiat kolbuszowski";1;
1806023;"Kolbuszowa (3)";1;
1806024;"Kolbuszowa - miasto (4)";1;
1807000;"Powiat krośnieński";5;
1807023;"Dukla (3)";1;
1807024;"Dukla - miasto (4)";1;
1807033;"Iwonicz-Zdrój (3)";1;
1807035;"Iwonicz-Zdrój - obszar wiejski (5)";1;
1807043;"Jedlicze (3)";1;
1807044;"Jedlicze - miasto (4)";1;
1807072;"Miejsce Piastowe (2)";1;
1807083;"Rymanów (3)";1;
1807084;"Rymanów - miasto (4)";1;
1808000;"Powiat leżajski";2;
1808011;"Leżajsk (1)";1;
1808053;"Nowa Sarzyna (3)";1;
1808054;"Nowa Sarzyna - miasto (4)";1;
1809000;"Powiat lubaczowski";2;
1809011;"Lubaczów (1)";2;
1810000;"Powiat łańcucki";4;
1810011;"Łańcut (1)";3;
1810072;"Żołynia (2)";1;
1811000;"Powiat mielecki";9;
1811011;"Mielec (1)";8;
1811073;"Przecław (3)";1;
1811074;"Przecław - miasto (4)";1;
1812000;"Powiat niżański";3;
1812032;"Jeżowe (2)";1;
1812053;"Nisko (3)";1;
1812054;"Nisko - miasto (4)";1;
1812063;"Rudnik nad Sanem (3)";1;
1812064;"Rudnik nad Sanem - miasto (4)";1;
1813000;"Powiat przemyski";2;
1813012;"Bircza (2)";1;
1813022;"Dubiecko (2)";1;
1814000;"Powiat przeworski";6;
1814011;"Przeworsk (1)";2;
1814042;"Jawornik Polski (2)";1;
1814053;"Kańczuga (3)";1;
1814054;"Kańczuga - miasto (4)";1;
1814073;"Sieniawa (3)";2;
1814074;"Sieniawa - miasto (4)";2;
1815000;"Powiat ropczycko-sędziszowski";3;
1815033;"Ropczyce (3)";2;
1815034;"Ropczyce - miasto (4)";2;
1815043;"Sędziszów Małopolski (3)";1;
1815044;"Sędziszów Małopolski - miasto (4)";1;
1816000;"Powiat rzeszowski";8;
1816011;"Dynów (1)";1;
1816023;"Błażowa (3)";1;
1816024;"Błażowa - miasto (4)";1;
1816033;"Boguchwała (3)";1;
1816034;"Boguchwała - miasto (4)";1;
1816063;"Głogów Małopolski (3)";1;
1816064;"Głogów Małopolski - miasto (4)";1;
1816082;"Kamień (2)";1;
1816113;"Sokołów Małopolski (3)";1;
1816114;"Sokołów Małopolski - miasto (4)";1;
1816122;"Świlcza (2)";1;
1816143;"Tyczyn (3)";1;
1816144;"Tyczyn - miasto (4)";1;
1817000;"Powiat sanocki";2;
1817011;"Sanok (1)";2;
1818000;"Powiat stalowowolski";7;
1818011;"Stalowa Wola (1)";6;
1818053;"Zaklików (3)";1;
1818054;"Zaklików - miasto (4)";1;
1819000;"Powiat strzyżowski";1;
1819043;"Strzyżów (3)";1;
1819044;"Strzyżów - miasto (4)";1;
1820000;"Powiat tarnobrzeski";2;
1820032;"Grębów (2)";1;
1820043;"Nowa Dęba (3)";1;
1820044;"Nowa Dęba - miasto (4)";1;
1821000;"Powiat leski";1;
1821033;"Lesko (3)";1;
1821034;"Lesko - miasto (4)";1;
1861000;"Powiat m.Krosno";7;
1861011;"Krosno (1)";7;
1862000;"Powiat m.Przemyśl";5;
1862011;"Przemyśl (1)";5;
1863000;"Powiat m.Rzeszów";19;
1863011;"Rzeszów (1)";19;
1864000;"Powiat m.Tarnobrzeg";8;
1864011;"Tarnobrzeg (1)";8;
2000000;"PODLASKIE";69;
2001000;"Powiat augustowski";2;
2001011;"Augustów (1)";2;
2002000;"Powiat białostocki";2;
2002063;"Łapy (3)";1;
2002064;"Łapy - miasto (4)";1;
2002073;"Michałowo (3)";1;
2002074;"Michałowo - miasto (4)";1;
2003000;"Powiat bielski";3;
2003011;"Bielsk Podlaski (1)";2;
2003021;"Brańsk (1)";1;
2004000;"Powiat grajewski";2;
2004011;"Grajewo (1)";2;
2005000;"Powiat hajnowski";3;
2005011;"Hajnówka (1)";3;
2006000;"Powiat kolneński";2;
2006011;"Kolno (1)";2;
2007000;"Powiat łomżyński";1;
2007013;"Jedwabne (3)";1;
2007014;"Jedwabne - miasto (4)";1;
2008000;"Powiat moniecki";1;
2008063;"Mońki (3)";1;
2008064;"Mońki - miasto (4)";1;
2009000;"Powiat sejneński";2;
2009011;"Sejny (1)";1;
2009042;"Puńsk (2)";1;
2010000;"Powiat siemiatycki";3;
2010011;"Siemiatycze (1)";1;
2010023;"Drohiczyn (3)";2;
2010024;"Drohiczyn - miasto (4)";2;
2011000;"Powiat sokólski";3;
2011013;"Dąbrowa Białostocka (3)";1;
2011014;"Dąbrowa Białostocka - miasto (4)";1;
2011083;"Sokółka (3)";1;
2011084;"Sokółka - miasto (4)";1;
2011093;"Suchowola (3)";1;
2011094;"Suchowola - miasto (4)";1;
2013000;"Powiat wysokomazowiecki";3;
2013011;"Wysokie Mazowieckie (1)";1;
2013023;"Ciechanowiec (3)";1;
2013024;"Ciechanowiec - miasto (4)";1;
2013033;"Czyżew (3)";1;
2013034;"Czyżew - miasto (4)";1;
2014000;"Powiat zambrowski";3;
2014011;"Zambrów (1)";3;
2061000;"Powiat m.Białystok";26;
2061011;"Białystok (1)";26;
2062000;"Powiat m.Łomża";8;
2062011;"Łomża (1)";8;
2063000;"Powiat m.Suwałki";5;
2063011;"Suwałki (1)";5;
2200000;"POMORSKIE";135;
2201000;"Powiat bytowski";3;
2201023;"Bytów (3)";2;
2201024;"Bytów - miasto (4)";2;
2201063;"Miastko (3)";1;
2201064;"Miastko - miasto (4)";1;
2202000;"Powiat chojnicki";6;
2202011;"Chojnice (1)";4;
2202023;"Brusy (3)";1;
2202024;"Brusy - miasto (4)";1;
2202043;"Czersk (3)";1;
2202044;"Czersk - miasto (4)";1;
2203000;"Powiat człuchowski";4;
2203011;"Człuchów (1)";3;
2203023;"Czarne (3)";1;
2203024;"Czarne - miasto (4)";1;
2204000;"Powiat gdański";4;
2204011;"Pruszcz Gdański (1)";3;
2204032;"Kolbudy (2)";1;
2205000;"Powiat kartuski";6;
2205023;"Kartuzy (3)";3;
2205024;"Kartuzy - miasto (4)";3;
2205042;"Sierakowice (2)";1;
2205062;"Stężyca (2)";1;
2205083;"Żukowo (3)";1;
2205084;"Żukowo - miasto (4)";1;
2206000;"Powiat kościerski";2;
2206011;"Kościerzyna (1)";2;
2207000;"Powiat kwidzyński";6;
2207011;"Kwidzyn (1)";6;
2208000;"Powiat lęborski";3;
2208011;"Lębork (1)";3;
2209000;"Powiat malborski";4;
2209011;"Malbork (1)";4;
2210000;"Powiat nowodworski";1;
2210023;"Nowy Dwór Gdański (3)";1;
2210024;"Nowy Dwór Gdański - miasto (4)";1;
2211000;"Powiat pucki";5;
2211031;"Puck (1)";3;
2211043;"Władysławowo (3)";1;
2211044;"Władysławowo - miasto (4)";1;
2211062;"Krokowa (2)";1;
2212000;"Powiat słupski";2;
2212011;"Ustka (1)";1;
2212082;"Słupsk (2)";1;
2213000;"Powiat starogardzki";3;
2213031;"Starogard Gdański (1)";3;
2214000;"Powiat tczewski";7;
2214011;"Tczew (1)";4;
2214023;"Gniew (3)";1;
2214024;"Gniew - miasto (4)";1;
2214043;"Pelplin (3)";2;
2214044;"Pelplin - miasto (4)";2;
2215000;"Powiat wejherowski";8;
2215011;"Reda (1)";1;
2215021;"Rumia (1)";3;
2215031;"Wejherowo (1)";4;
2216000;"Powiat sztumski";2;
2216013;"Dzierzgoń (3)";1;
2216014;"Dzierzgoń - miasto (4)";1;
2216053;"Sztum (3)";1;
2216054;"Sztum - miasto (4)";1;
2261000;"Powiat m.Gdańsk";34;
2261011;"Gdańsk (1)";34;
2262000;"Powiat m.Gdynia";14;
2262011;"Gdynia (1)";14;
2263000;"Powiat m.Słupsk";16;
2263011;"Słupsk (1)";16;
2264000;"Powiat m.Sopot";5;
2264011;"Sopot (1)";5;
2400000;"ŚLĄSKIE";238;
2401000;"Powiat będziński";6;
2401011;"Będzin (1)";3;
2401031;"Wojkowice (1)";1;
2401073;"Siewierz (3)";1;
2401074;"Siewierz - miasto (4)";1;
2401081;"Sławków (1)";1;
2402000;"Powiat bielski";4;
2402011;"Szczyrk (1)";1;
2402032;"Buczkowice (2)";1;
2402043;"Czechowice-Dziedzice (3)";1;
2402044;"Czechowice-Dziedzice - miasto (4)";1;
2402072;"Kozy (2)";1;
2403000;"Powiat cieszyński";7;
2403011;"Cieszyn (1)";5;
2403031;"Wisła (1)";1;
2403103;"Skoczów (3)";1;
2403104;"Skoczów - miasto (4)";1;
2404000;"Powiat częstochowski";2;
2404042;"Kamienica Polska (2)";1;
2404063;"Koniecpol (3)";1;
2404064;"Koniecpol - miasto (4)";1;
2405000;"Powiat gliwicki";3;
2405011;"Knurów (1)";2;
2405021;"Pyskowice (1)";1;
2406000;"Powiat kłobucki";3;
2406013;"Kłobuck (3)";2;
2406014;"Kłobuck - miasto (4)";2;
2406023;"Krzepice (3)";1;
2406024;"Krzepice - miasto (4)";1;
2407000;"Powiat lubliniecki";4;
2407011;"Lubliniec (1)";3;
2407083;"Woźniki (3)";1;
2407085;"Woźniki - obszar wiejski (5)";1;
2408000;"Powiat mikołowski";2;
2408021;"Mikołów (1)";2;
2409000;"Powiat myszkowski";3;
2409011;"Myszków (1)";1;
2409023;"Koziegłowy (3)";1;
2409024;"Koziegłowy - miasto (4)";1;
2409053;"Żarki (3)";1;
2409054;"Żarki - miasto (4)";1;
2410000;"Powiat pszczyński";5;
2410032;"Miedźna (2)";1;
2410042;"Pawłowice (2)";1;
2410053;"Pszczyna (3)";3;
2410054;"Pszczyna - miasto (4)";3;
2411000;"Powiat raciborski";4;
2411011;"Racibórz (1)";4;
2412000;"Powiat rybnicki";1;
2412013;"Czerwionka-Leszczyny (3)";1;
2412014;"Czerwionka-Leszczyny - miasto (4)";1;
2413000;"Powiat tarnogórski";6;
2413031;"Radzionków (1)";2;
2413041;"Tarnowskie Góry (1)";4;
2414000;"Powiat bieruńsko-lędziński";1;
2414011;"Bieruń (1)";1;
2415000;"Powiat wodzisławski";5;
2415031;"Rydułtowy (1)";1;
2415041;"Wodzisław Śląski (1)";4;
2416000;"Powiat zawierciański";7;
2416011;"Poręba (1)";1;
2416021;"Zawiercie (1)";3;
2416053;"Łazy (3)";1;
2416054;"Łazy - miasto (4)";1;
2416073;"Pilica (3)";1;
2416074;"Pilica - miasto (4)";1;
2416083;"Szczekociny (3)";1;
2416084;"Szczekociny - miasto (4)";1;
2417000;"Powiat żywiecki";9;
2417011;"Żywiec (1)";7;
2417052;"Koszarawa (2)";1;
2417092;"Milówka (2)";1;
2461000;"Powiat m.Bielsko-Biała";24;
2461011;"Bielsko-Biała (1)";24;
2462000;"Powiat m.Bytom";7;
2462011;"Bytom (1)";7;
2463000;"Powiat m.Chorzów";7;
2463011;"Chorzów (1)";7;
2464000;"Powiat m.Częstochowa";18;
2464011;"Częstochowa (1)";18;
2465000;"Powiat m.Dąbrowa Górnicza";8;
2465011;"Dąbrowa Górnicza (1)";8;
2466000;"Powiat m.Gliwice";13;
2466011;"Gliwice (1)";13;
2467000;"Powiat m.Jastrzębie-Zdrój";7;
2467011;"Jastrzębie-Zdrój (1)";7;
2468000;"Powiat m.Jaworzno";4;
2468011;"Jaworzno (1)";4;
2469000;"Powiat m.Katowice";21;
2469011;"Katowice (1)";21;
2470000;"Powiat m.Mysłowice";2;
2470011;"Mysłowice (1)";2;
2471000;"Powiat m.Piekary Śląskie";2;
2471011;"Piekary Śląskie (1)";2;
2472000;"Powiat m.Ruda Śląska";4;
2472011;"Ruda Śląska (1)";4;
2473000;"Powiat m.Rybnik";8;
2473011;"Rybnik (1)";8;
2474000;"Powiat m.Siemianowice Śląskie";5;
2474011;"Siemianowice Śląskie (1)";5;
2475000;"Powiat m.Sosnowiec";13;
2475011;"Sosnowiec (1)";13;
2476000;"Powiat m.Świętochłowice";3;
2476011;"Świętochłowice (1)";3;
2477000;"Powiat m.Tychy";5;
2477011;"Tychy (1)";5;
2478000;"Powiat m.Zabrze";11;
2478011;"Zabrze (1)";11;
2479000;"Powiat m.Żory";4;
2479011;"Żory (1)";4;
2600000;"ŚWIĘTOKRZYSKIE";68;
2601000;"Powiat buski";3;
2601013;"Busko-Zdrój (3)";3;
2601014;"Busko-Zdrój - miasto (4)";3;
2602000;"Powiat jędrzejowski";5;
2602023;"Jędrzejów (3)";2;
2602024;"Jędrzejów - miasto (4)";2;
2602033;"Małogoszcz (3)";1;
2602034;"Małogoszcz - miasto (4)";1;
2602063;"Sędziszów (3)";1;
2602064;"Sędziszów - miasto (4)";1;
2602092;"Wodzisław (2)";1;
2603000;"Powiat kazimierski";1;
2603033;"Kazimierza Wielka (3)";1;
2603034;"Kazimierza Wielka - miasto (4)";1;
2604000;"Powiat kielecki";5;
2604023;"Bodzentyn (3)";1;
2604024;"Bodzentyn - miasto (4)";1;
2604033;"Chęciny (3)";1;
2604034;"Chęciny - miasto (4)";1;
2604043;"Chmielnik (3)";1;
2604044;"Chmielnik - miasto (4)";1;
2604082;"Łopuszno (2)";1;
2604172;"Nowiny (2)";1;
2605000;"Powiat konecki";3;
2605033;"Końskie (3)";2;
2605034;"Końskie - miasto (4)";2;
2605083;"Stąporków (3)";1;
2605084;"Stąporków - miasto (4)";1;
2606000;"Powiat opatowski";4;
2606043;"Opatów (3)";2;
2606044;"Opatów - miasto (4)";2;
2606053;"Ożarów (3)";2;
2606054;"Ożarów - miasto (4)";2;
2607000;"Powiat ostrowiecki";6;
2607011;"Ostrowiec Świętokrzyski (1)";6;
2608000;"Powiat pińczowski";1;
2608043;"Pińczów (3)";1;
2608044;"Pińczów - miasto (4)";1;
2609000;"Powiat sandomierski";7;
2609011;"Sandomierz (1)";4;
2609033;"Klimontów (3)";1;
2609034;"Klimontów - miasto (4)";1;
2609043;"Koprzywnica (3)";1;
2609044;"Koprzywnica - miasto (4)";1;
2609072;"Samborzec (2)";1;
2610000;"Powiat skarżyski";3;
2610011;"Skarżysko-Kamienna (1)";2;
2610053;"Suchedniów (3)";1;
2610054;"Suchedniów - miasto (4)";1;
2611000;"Powiat starachowicki";5;
2611011;"Starachowice (1)";5;
2612000;"Powiat staszowski";4;
2612012;"Bogoria (2)";1;
2612053;"Połaniec (3)";1;
2612054;"Połaniec - miasto (4)";1;
2612073;"Staszów (3)";2;
2612074;"Staszów - miasto (4)";2;
2613000;"Powiat włoszczowski";3;
2613063;"Włoszczowa (3)";3;
2613064;"Włoszczowa - miasto (4)";3;
2661000;"Powiat m.Kielce";18;
2661011;"Kielce (1)";18;
2800000;"WARMIŃSKO-MAZURSKIE";86;
2801000;"Powiat bartoszycki";4;
2801011;"Bartoszyce (1)";2;
2801021;"Górowo Iławeckie (1)";2;
2802000;"Powiat braniewski";2;
2802011;"Braniewo (1)";2;
2803000;"Powiat działdowski";5;
2803011;"Działdowo (1)";2;
2803032;"Iłowo-Osada (2)";1;
2803043;"Lidzbark (3)";1;
2803044;"Lidzbark - miasto (4)";1;
2803062;"Rybno (2)";1;
2804000;"Powiat elbląski";2;
2804073;"Pasłęk (3)";2;
2804074;"Pasłęk - miasto (4)";2;
2805000;"Powiat ełcki";5;
2805011;"Ełk (1)";5;
2806000;"Powiat giżycki";4;
2806011;"Giżycko (1)";3;
2806102;"Wydminy (2)";1;
2807000;"Powiat iławski";3;
2807011;"Iława (1)";1;
2807021;"Lubawa (1)";1;
2807052;"Lubawa (2)";1;
2808000;"Powiat kętrzyński";5;
2808011;"Kętrzyn (1)";4;
2808053;"Reszel (3)";1;
2808054;"Reszel - miasto (4)";1;
2809000;"Powiat lidzbarski";3;
2809011;"Lidzbark Warmiński (1)";2;
2809053;"Orneta (3)";1;
2809054;"Orneta - miasto (4)";1;
2810000;"Powiat mrągowski";3;
2810011;"Mrągowo (1)";2;
2810023;"Mikołajki (3)";1;
2810024;"Mikołajki - miasto (4)";1;
2811000;"Powiat nidzicki";2;
2811043;"Nidzica (3)";2;
2811044;"Nidzica - miasto (4)";2;
2812000;"Powiat nowomiejski";2;
2812011;"Nowe Miasto Lubawskie (1)";1;
2812022;"Biskupiec (2)";1;
2813000;"Powiat olecki";2;
2813043;"Olecko (3)";2;
2813044;"Olecko - miasto (4)";2;
2814000;"Powiat olsztyński";5;
2814013;"Barczewo (3)";1;
2814014;"Barczewo - miasto (4)";1;
2814023;"Biskupiec (3)";2;
2814024;"Biskupiec - miasto (4)";2;
2814033;"Dobre Miasto (3)";1;
2814034;"Dobre Miasto - miasto (4)";1;
2814093;"Olsztynek (3)";1;
2814094;"Olsztynek - miasto (4)";1;
2815000;"Powiat ostródzki";6;
2815011;"Ostróda (1)";4;
2815083;"Morąg (3)";2;
2815084;"Morąg - miasto (4)";2;
2816000;"Powiat piski";6;
2816023;"Orzysz (3)";1;
2816024;"Orzysz - miasto (4)";1;
2816033;"Pisz (3)";4;
2816034;"Pisz - miasto (4)";4;
2816043;"Ruciane-Nida (3)";1;
2816044;"Ruciane-Nida - miasto (4)";1;
2817000;"Powiat szczycieński";3;
2817011;"Szczytno (1)";3;
2818000;"Powiat gołdapski";1;
2818033;"Gołdap (3)";1;
2818034;"Gołdap - miasto (4)";1;
2819000;"Powiat węgorzewski";1;
2819033;"Węgorzewo (3)";1;
2819034;"Węgorzewo - miasto (4)";1;
2861000;"Powiat m.Elbląg";6;
2861011;"Elbląg (1)";6;
2862000;"Powiat m.Olsztyn";16;
2862011;"Olsztyn (1)";16;
3000000;"WIELKOPOLSKIE";184;
3001000;"Powiat chodzieski";3;
3001011;"Chodzież (1)";2;
3001032;"Chodzież (2)";1;
3002000;"Powiat czarnkowsko-trzcianecki";6;
3002011;"Czarnków (1)";2;
3002043;"Krzyż Wielkopolski (3)";1;
3002044;"Krzyż Wielkopolski - miasto (4)";1;
3002052;"Lubasz (2)";1;
3002073;"Trzcianka (3)";1;
3002074;"Trzcianka - miasto (4)";1;
3002083;"Wieleń (3)";1;
3002084;"Wieleń - miasto (4)";1;
3003000;"Powiat gnieźnieński";7;
3003011;"Gniezno (1)";5;
3003093;"Trzemeszno (3)";1;
3003094;"Trzemeszno - miasto (4)";1;
3003103;"Witkowo (3)";1;
3003104;"Witkowo - miasto (4)";1;
3004000;"Powiat gostyński";4;
3004023;"Gostyń (3)";1;
3004024;"Gostyń - miasto (4)";1;
3004033;"Krobia (3)";1;
3004034;"Krobia - miasto (4)";1;
3004052;"Piaski (2)";1;
3004063;"Pogorzela (3)";1;
3004064;"Pogorzela - miasto (4)";1;
3005000;"Powiat grodziski";1;
3005023;"Grodzisk Wielkopolski (3)";1;
3005024;"Grodzisk Wielkopolski - miasto (4)";1;
3006000;"Powiat jarociński";5;
3006023;"Jarocin (3)";5;
3006024;"Jarocin - miasto (4)";5;
3008000;"Powiat kępiński";2;
3008033;"Kępno (3)";2;
3008034;"Kępno - miasto (4)";2;
3009000;"Powiat kolski";4;
3009011;"Koło (1)";3;
3009063;"Kłodawa (3)";1;
3009064;"Kłodawa - miasto (4)";1;
3010000;"Powiat koniński";3;
3010043;"Kleczew (3)";1;
3010044;"Kleczew - miasto (4)";1;
3010103;"Sompolno (3)";1;
3010104;"Sompolno - miasto (4)";1;
3010112;"Stare Miasto (2)";1;
3011000;"Powiat kościański";4;
3011011;"Kościan (1)";2;
3011023;"Czempiń (3)";1;
3011025;"Czempiń - obszar wiejski (5)";1;
3011053;"Śmigiel (3)";1;
3011055;"Śmigiel - obszar wiejski (5)";1;
3012000;"Powiat krotoszyński";2;
3012033;"Koźmin Wielkopolski (3)";1;
3012034;"Koźmin Wielkopolski - miasto (4)";1;
3012043;"Krotoszyn (3)";1;
3012044;"Krotoszyn - miasto (4)";1;
3013000;"Powiat leszczyński";1;
3013072;"Włoszakowice (2)";1;
3014000;"Powiat międzychodzki";2;
3014033;"Międzychód (3)";1;
3014034;"Międzychód - miasto (4)";1;
3014043;"Sieraków (3)";1;
3014044;"Sieraków - miasto (4)";1;
3015000;"Powiat nowotomyski";3;
3015043;"Nowy Tomyśl (3)";1;
3015044;"Nowy Tomyśl - miasto (4)";1;
3015053;"Opalenica (3)";1;
3015054;"Opalenica - miasto (4)";1;
3015063;"Zbąszyń (3)";1;
3015064;"Zbąszyń - miasto (4)";1;
3016000;"Powiat obornicki";2;
3016013;"Oborniki (3)";1;
3016014;"Oborniki - miasto (4)";1;
3016023;"Rogoźno (3)";1;
3016024;"Rogoźno - miasto (4)";1;
3017000;"Powiat ostrowski";9;
3017011;"Ostrów Wielkopolski (1)";7;
3017033;"Odolanów (3)";1;
3017034;"Odolanów - miasto (4)";1;
3017052;"Przygodzice (2)";1;
3018000;"Powiat ostrzeszowski";2;
3018073;"Ostrzeszów (3)";2;
3018074;"Ostrzeszów - miasto (4)";2;
3019000;"Powiat pilski";9;
3019011;"Piła (1)";7;
3019043;"Łobżenica (3)";1;
3019044;"Łobżenica - miasto (4)";1;
3019062;"Szydłowo (2)";1;
3020000;"Powiat pleszewski";2;
3020063;"Pleszew (3)";2;
3020064;"Pleszew - miasto (4)";2;
3021000;"Powiat poznański";8;
3021011;"Luboń (1)";1;
3021021;"Puszczykowo (1)";1;
3021042;"Czerwonak (2)";1;
3021093;"Kórnik (3)";1;
3021094;"Kórnik - miasto (4)";1;
3021123;"Pobiedziska (3)";1;
3021124;"Pobiedziska - miasto (4)";1;
3021163;"Swarzędz (3)";2;
3021164;"Swarzędz - miasto (4)";2;
3021172;"Tarnowo Podgórne (2)";1;
3022000;"Powiat rawicki";3;
3022023;"Jutrosin (3)";1;
3022024;"Jutrosin - miasto (4)";1;
3022033;"Miejska Górka (3)";1;
3022034;"Miejska Górka - miasto (4)";1;
3022053;"Rawicz (3)";1;
3022054;"Rawicz - miasto (4)";1;
3023000;"Powiat słupecki";2;
3023011;"Słupca (1)";1;
3023083;"Zagórów (3)";1;
3023084;"Zagórów - miasto (4)";1;
3024000;"Powiat szamotulski";5;
3024063;"Pniewy (3)";2;
3024064;"Pniewy - miasto (4)";2;
3024073;"Szamotuły (3)";2;
3024074;"Szamotuły - miasto (4)";2;
3024083;"Wronki (3)";1;
3024084;"Wronki - miasto (4)";1;
3025000;"Powiat średzki";4;
3025043;"Środa Wielkopolska (3)";4;
3025044;"Środa Wielkopolska - miasto (4)";4;
3026000;"Powiat śremski";3;
3026043;"Śrem (3)";3;
3026044;"Śrem - miasto (4)";3;
3027000;"Powiat turecki";1;
3027011;"Turek (1)";1;
3028000;"Powiat wągrowiecki";2;
3028011;"Wągrowiec (1)";2;
3029000;"Powiat wolsztyński";1;
3029033;"Wolsztyn (3)";1;
3029034;"Wolsztyn - miasto (4)";1;
3030000;"Powiat wrzesiński";2;
3030053;"Września (3)";2;
3030054;"Września - miasto (4)";2;
3031000;"Powiat złotowski";3;
3031011;"Złotów (1)";3;
3061000;"Powiat m.Kalisz";7;
3061011;"Kalisz (1)";7;
3062000;"Powiat m.Konin";9;
3062011;"Konin (1)";9;
3063000;"Powiat m.Leszno";6;
3063011;"Leszno (1)";6;
3064000;"Powiat m.Poznań";57;
3064011;"Poznań (1)";57;
3200000;"ZACHODNIOPOMORSKIE";98;
3201000;"Powiat białogardzki";3;
3201011;"Białogard (1)";2;
3201043;"Tychowo (3)";1;
3201044;"Tychowo - miasto (4)";1;
3202000;"Powiat choszczeński";2;
3202023;"Choszczno (3)";2;
3202024;"Choszczno - miasto (4)";2;
3203000;"Powiat drawski";4;
3203013;"Czaplinek (3)";1;
3203014;"Czaplinek - miasto (4)";1;
3203023;"Drawsko Pomorskie (3)";1;
3203024;"Drawsko Pomorskie - miasto (4)";1;
3203033;"Kalisz Pomorski (3)";1;
3203034;"Kalisz Pomorski - miasto (4)";1;
3203063;"Złocieniec (3)";1;
3203064;"Złocieniec - miasto (4)";1;
3204000;"Powiat goleniowski";4;
3204023;"Goleniów (3)";2;
3204024;"Goleniów - miasto (4)";2;
3204043;"Nowogard (3)";2;
3204044;"Nowogard - miasto (4)";2;
3205000;"Powiat gryficki";5;
3205023;"Gryfice (3)";4;
3205024;"Gryfice - miasto (4)";4;
3205083;"Trzebiatów (3)";1;
3205084;"Trzebiatów - miasto (4)";1;
3206000;"Powiat gryfiński";3;
3206033;"Chojna (3)";1;
3206034;"Chojna - miasto (4)";1;
3206043;"Gryfino (3)";2;
3206044;"Gryfino - miasto (4)";2;
3207000;"Powiat kamieński";4;
3207013;"Dziwnów (3)";1;
3207014;"Dziwnów - miasto (4)";1;
3207033;"Kamień Pomorski (3)";1;
3207034;"Kamień Pomorski - miasto (4)";1;
3207063;"Wolin (3)";2;
3207064;"Wolin - miasto (4)";2;
3208000;"Powiat kołobrzeski";4;
3208011;"Kołobrzeg (1)";3;
3208033;"Gościno (3)";1;
3208034;"Gościno - miasto (4)";1;
3209000;"Powiat koszaliński";2;
3209033;"Bobolice (3)";1;
3209034;"Bobolice - miasto (4)";1;
3209063;"Polanów (3)";1;
3209064;"Polanów - miasto (4)";1;
3210000;"Powiat myśliborski";4;
3210013;"Barlinek (3)";1;
3210014;"Barlinek - miasto (4)";1;
3210033;"Dębno (3)";2;
3210034;"Dębno - miasto (4)";2;
3210043;"Myślibórz (3)";1;
3210044;"Myślibórz - miasto (4)";1;
3211000;"Powiat policki";2;
3211022;"Kołbaskowo (2)";1;
3211043;"Police (3)";1;
3211044;"Police - miasto (4)";1;
3212000;"Powiat pyrzycki";2;
3212033;"Lipiany (3)";1;
3212034;"Lipiany - miasto (4)";1;
3212053;"Pyrzyce (3)";1;
3212054;"Pyrzyce - miasto (4)";1;
3213000;"Powiat sławieński";2;
3213011;"Darłowo (1)";1;
3213021;"Sławno (1)";1;
3214000;"Powiat stargardzki";5;
3214011;"Stargard (1)";5;
3215000;"Powiat szczecinecki";8;
3215011;"Szczecinek (1)";5;
3215033;"Biały Bór (3)";2;
3215034;"Biały Bór - miasto (4)";2;
3215043;"Borne Sulinowo (3)";1;
3215044;"Borne Sulinowo - miasto (4)";1;
3216000;"Powiat świdwiński";2;
3216011;"Świdwin (1)";1;
3216033;"Połczyn-Zdrój (3)";1;
3216034;"Połczyn-Zdrój - miasto (4)";1;
3217000;"Powiat wałecki";2;
3217011;"Wałcz (1)";2;
3218000;"Powiat łobeski";2;
3218023;"Łobez (3)";1;
3218024;"Łobez - miasto (4)";1;
3218043;"Resko (3)";1;
3218044;"Resko - miasto (4)";1;
3261000;"Powiat m.Koszalin";7;
3261011;"Koszalin (1)";7;
3262000;"Powiat m.Szczecin";27;
3262011;"Szczecin (1)";27;
3263000;"Powiat m.Świnoujście";4;
3263011;"Świnoujście (1)";4;
