"Kod";"Nazwa";"przystanki autobusowe (z trolejbusowymi) i tramwajowe;ogółem;2020;[szt.]";
0000000;"POLSKA";175136;
0200000;"DOLNOŚLĄSKIE";11460;
0201000;"Powiat bolesławiecki";422;
0201011;"Bolesławiec (1)";161;
0201022;"Bolesławiec (2)";98;
0201032;"Gromadka (2)";23;
0201043;"Nowogrodziec (3)";79;
0201052;"Osiecznica (2)";33;
0201062;"Warta Bolesławiecka (2)";28;
0202000;"Powiat dzierżoniowski";368;
0202011;"Bielawa (1)";67;
0202021;"Dzierżoniów (1)";79;
0202033;"Pieszyce (3)";46;
0202041;"Piława Górna (1)";20;
0202052;"Dzierżoniów (2)";73;
0202062;"Łagiewniki (2)";45;
0202073;"Niemcza (3)";38;
0203000;"Powiat głogowski";356;
0203011;"Głogów (1)";118;
0203022;"Głogów (2)";31;
0203032;"Jerzmanowa (2)";52;
0203042;"Kotla (2)";78;
0203052;"Pęcław (2)";36;
0203062;"Żukowice (2)";41;
0204000;"Powiat górowski";226;
0204013;"Góra (3)";130;
0204022;"Jemielno (2)";21;
0204032;"Niechlów (2)";28;
0204043;"Wąsosz (3)";47;
0205000;"Powiat jaworski";224;
0205011;"Jawor (1)";37;
0205023;"Bolków (3)";91;
0205032;"Męcinka (2)";32;
0205042;"Mściwojów (2)";15;
0205052;"Paszowice (2)";27;
0205062;"Wądroże Wielkie (2)";22;
0206000;"Powiat karkonoski";368;
0206011;"Karpacz (1)";17;
0206021;"Kowary (1)";10;
0206031;"Piechowice (1)";53;
0206041;"Szklarska Poręba (1)";23;
0206052;"Janowice Wielkie (2)";18;
0206062;"Jeżów Sudecki (2)";49;
0206072;"Mysłakowice (2)";66;
0206082;"Podgórzyn (2)";86;
0206092;"Stara Kamienica (2)";46;
0207000;"Powiat kamiennogórski";148;
0207011;"Kamienna Góra (1)";29;
0207022;"Kamienna Góra (2)";43;
0207033;"Lubawka (3)";33;
0207042;"Marciszów (2)";43;
0208000;"Powiat kłodzki";536;
0208011;"Duszniki-Zdrój (1)";7;
0208021;"Kłodzko (1)";32;
0208031;"Kudowa-Zdrój (1)";12;
0208041;"Nowa Ruda (1)";34;
0208051;"Polanica-Zdrój (1)";8;
0208063;"Bystrzyca Kłodzka (3)";62;
0208072;"Kłodzko (2)";96;
0208083;"Lądek-Zdrój (3)";21;
0208092;"Lewin Kłodzki (2)";10;
0208103;"Międzylesie (3)";50;
0208112;"Nowa Ruda (2)";82;
0208123;"Radków (3)";49;
0208133;"Stronie Śląskie (3)";23;
0208143;"Szczytna (3)";50;
0209000;"Powiat legnicki";310;
0209011;"Chojnów (1)";9;
0209022;"Chojnów (2)";49;
0209032;"Krotoszyce (2)";52;
0209042;"Kunice (2)";40;
0209052;"Legnickie Pole (2)";46;
0209062;"Miłkowice (2)";68;
0209073;"Prochowice (3)";28;
0209082;"Ruja (2)";18;
0210000;"Powiat lubański";252;
0210011;"Lubań (1)";25;
0210021;"Świeradów-Zdrój (1)";22;
0210033;"Leśna (3)";108;
0210042;"Lubań (2)";43;
0210053;"Olszyna (3)";14;
0210062;"Platerówka (2)";13;
0210072;"Siekierczyn (2)";27;
0211000;"Powiat lubiński";346;
0211011;"Lubin (1)";128;
0211022;"Lubin (2)";54;
0211032;"Rudna (2)";123;
0211043;"Ścinawa (3)";41;
0212000;"Powiat lwówecki";180;
0212013;"Gryfów Śląski (3)";19;
0212023;"Lubomierz (3)";36;
0212033;"Lwówek Śląski (3)";72;
0212043;"Mirsk (3)";35;
0212053;"Wleń (3)";18;
0213000;"Powiat milicki";176;
0213012;"Cieszków (2)";32;
0213022;"Krośnice (2)";33;
0213033;"Milicz (3)";111;
0214000;"Powiat oleśnicki";477;
0214011;"Oleśnica (1)";94;
0214023;"Bierutów (3)";75;
0214032;"Dobroszyce (2)";33;
0214042;"Dziadowa Kłoda (2)";22;
0214053;"Międzybórz (3)";33;
0214062;"Oleśnica (2)";102;
0214073;"Syców (3)";39;
0214083;"Twardogóra (3)";79;
0215000;"Powiat oławski";357;
0215011;"Oława (1)";68;
0215022;"Domaniów (2)";28;
0215033;"Jelcz-Laskowice (3)";191;
0215042;"Oława (2)";70;
0216000;"Powiat polkowicki";276;
0216013;"Chocianów (3)";110;
0216022;"Gaworzyce (2)";28;
0216032;"Grębocice (2)";18;
0216043;"Polkowice (3)";95;
0216053;"Przemków (3)";14;
0216062;"Radwanice (2)";11;
0217000;"Powiat strzeliński";438;
0217012;"Borów (2)";62;
0217022;"Kondratowice (2)";30;
0217032;"Przeworno (2)";31;
0217043;"Strzelin (3)";277;
0217053;"Wiązów (3)";38;
0218000;"Powiat średzki";372;
0218012;"Kostomłoty (2)";19;
0218022;"Malczyce (2)";20;
0218032;"Miękinia (2)";146;
0218043;"Środa Śląska (3)";155;
0218052;"Udanin (2)";32;
0219000;"Powiat świdnicki";628;
0219011;"Świdnica (1)";136;
0219021;"Świebodzice (1)";55;
0219032;"Dobromierz (2)";30;
0219043;"Jaworzyna Śląska (3)";40;
0219052;"Marcinowice (2)";40;
0219063;"Strzegom (3)";138;
0219072;"Świdnica (2)";135;
0219083;"Żarów (3)";54;
0220000;"Powiat trzebnicki";406;
0220013;"Oborniki Śląskie (3)";40;
0220023;"Prusice (3)";28;
0220033;"Trzebnica (3)";167;
0220042;"Wisznia Mała (2)";75;
0220052;"Zawonia (2)";31;
0220063;"Żmigród (3)";65;
0221000;"Powiat wałbrzyski";252;
0221011;"Boguszów-Gorce (1)";25;
0221021;"Jedlina-Zdrój (1)";40;
0221031;"Szczawno-Zdrój (1)";15;
0221042;"Czarny Bór (2)";34;
0221053;"Głuszyca (3)";36;
0221063;"Mieroszów (3)";44;
0221072;"Stare Bogaczowice (2)";25;
0221082;"Walim (2)";33;
0222000;"Powiat wołowski";161;
0222013;"Brzeg Dolny (3)";39;
0222022;"Wińsko (2)";52;
0222033;"Wołów (3)";70;
0223000;"Powiat wrocławski";914;
0223012;"Czernica (2)";104;
0223022;"Długołęka (2)";269;
0223032;"Jordanów Śląski (2)";13;
0223043;"Kąty Wrocławskie (3)";96;
0223052;"Kobierzyce (2)";159;
0223062;"Mietków (2)";46;
0223073;"Sobótka (3)";94;
0223083;"Siechnice (3)";129;
0223092;"Żórawina (2)";4;
0224000;"Powiat ząbkowicki";361;
0224013;"Bardo (3)";43;
0224022;"Ciepłowody (2)";24;
0224032;"Kamieniec Ząbkowicki (2)";24;
0224042;"Stoszowice (2)";50;
0224053;"Ząbkowice Śląskie (3)";161;
0224063;"Ziębice (3)";46;
0224073;"Złoty Stok (3)";13;
0225000;"Powiat zgorzelecki";262;
0225011;"Zawidów (1)";7;
0225021;"Zgorzelec (1)";42;
0225033;"Bogatynia (3)";62;
0225043;"Pieńsk (3)";21;
0225052;"Sulików (2)";35;
0225063;"Węgliniec (3)";31;
0225072;"Zgorzelec (2)";64;
0226000;"Powiat złotoryjski";235;
0226011;"Wojcieszów (1)";14;
0226021;"Złotoryja (1)";24;
0226032;"Pielgrzymka (2)";55;
0226043;"Świerzawa (3)";66;
0226052;"Zagrodno (2)";29;
0226062;"Złotoryja (2)";47;
0261000;"Powiat m.Jelenia Góra";242;
0261011;"Jelenia Góra (1)";242;
0262000;"Powiat m.Legnica";228;
0262011;"Legnica (1)";228;
0264000;"Powiat m.Wrocław";1640;
0264011;"Wrocław (1)";1640;
0265000;"Powiat m.Wałbrzych od 2013";299;
0265011;"Wałbrzych od 2013 (1)";299;
0400000;"KUJAWSKO-POMORSKIE";11048;
0401000;"Powiat aleksandrowski";215;
0401011;"Aleksandrów Kujawski (1)";5;
0401021;"Ciechocinek (1)";27;
0401031;"Nieszawa (1)";4;
0401042;"Aleksandrów Kujawski (2)";54;
0401052;"Bądkowo (2)";48;
0401062;"Koneck (2)";28;
0401072;"Raciążek (2)";9;
0401082;"Waganiec (2)";12;
0401092;"Zakrzewo (2)";28;
0402000;"Powiat brodnicki";624;
0402011;"Brodnica (1)";85;
0402022;"Bobrowo (2)";142;
0402032;"Brodnica (2)";102;
0402042;"Brzozie (2)";7;
0402053;"Górzno (3)";5;
0402062;"Bartniczka (2)";58;
0402073;"Jabłonowo Pomorskie (3)";25;
0402082;"Osiek (2)";39;
0402092;"Świedziebnia (2)";134;
0402102;"Zbiczno (2)";27;
0403000;"Powiat bydgoski";594;
0403012;"Białe Błota (2)";124;
0403022;"Dąbrowa Chełmińska (2)";46;
0403032;"Dobrcz (2)";105;
0403043;"Koronowo (3)";116;
0403052;"Nowa Wieś Wielka (2)";29;
0403062;"Osielsko (2)";37;
0403072;"Sicienko (2)";89;
0403083;"Solec Kujawski (3)";48;
0404000;"Powiat chełmiński";247;
0404011;"Chełmno (1)";22;
0404022;"Chełmno (2)";21;
0404032;"Kijewo Królewskie (2)";39;
0404042;"Lisewo (2)";46;
0404052;"Papowo Biskupie (2)";20;
0404062;"Stolno (2)";74;
0404072;"Unisław (2)";25;
0405000;"Powiat golubsko-dobrzyński";267;
0405011;"Golub-Dobrzyń (1)";8;
0405022;"Ciechocin (2)";29;
0405032;"Golub-Dobrzyń (2)";31;
0405043;"Kowalewo Pomorskie (3)";89;
0405052;"Radomin (2)";32;
0405062;"Zbójno (2)";78;
0406000;"Powiat grudziądzki";493;
0406012;"Grudziądz (2)";147;
0406022;"Gruta (2)";53;
0406033;"Łasin (3)";113;
0406043;"Radzyń Chełmiński (3)";28;
0406052;"Rogóźno (2)";87;
0406062;"Świecie nad Osą (2)";65;
0407000;"Powiat inowrocławski";1119;
0407011;"Inowrocław (1)";163;
0407022;"Dąbrowa Biskupia (2)";114;
0407033;"Gniewkowo (3)";125;
0407042;"Inowrocław (2)";225;
0407053;"Janikowo (3)";100;
0407063;"Kruszwica (3)";170;
0407073;"Pakość (3)";84;
0407082;"Rojewo (2)";66;
0407092;"Złotniki Kujawskie (2)";72;
0408000;"Powiat lipnowski";437;
0408011;"Lipno (1)";17;
0408022;"Bobrowniki (2)";16;
0408032;"Chrostkowo (2)";30;
0408043;"Dobrzyń nad Wisłą (3)";51;
0408052;"Kikół (2)";18;
0408062;"Lipno (2)";140;
0408073;"Skępe (3)";28;
0408082;"Tłuchowo (2)";68;
0408092;"Wielgie (2)";69;
0409000;"Powiat mogileński";282;
0409012;"Dąbrowa (2)";36;
0409022;"Jeziora Wielkie (2)";61;
0409033;"Mogilno (3)";138;
0409043;"Strzelno (3)";47;
0410000;"Powiat nakielski";470;
0410013;"Kcynia (3)";121;
0410023;"Mrocza (3)";86;
0410033;"Nakło nad Notecią (3)";82;
0410042;"Sadki (2)";33;
0410053;"Szubin (3)";148;
0411000;"Powiat radziejowski";230;
0411011;"Radziejów (1)";5;
0411022;"Bytoń (2)";29;
0411032;"Dobre (2)";54;
0411042;"Osięciny (2)";5;
0411053;"Piotrków Kujawski (3)";77;
0411062;"Radziejów (2)";28;
0411072;"Topólka (2)";32;
0412000;"Powiat rypiński";301;
0412011;"Rypin (1)";12;
0412022;"Brzuze (2)";49;
0412032;"Rogowo (2)";90;
0412042;"Rypin (2)";91;
0412052;"Skrwilno (2)";23;
0412062;"Wąpielsk (2)";36;
0413000;"Powiat sępoleński";235;
0413013;"Kamień Krajeński (3)";39;
0413023;"Sępólno Krajeńskie (3)";84;
0413032;"Sośno (2)";32;
0413043;"Więcbork (3)";80;
0414000;"Powiat świecki";647;
0414012;"Bukowiec (2)";34;
0414022;"Dragacz (2)";142;
0414032;"Drzycim (2)";20;
0414042;"Jeżewo (2)";45;
0414052;"Lniano (2)";39;
0414063;"Nowe (3)";57;
0414072;"Osie (2)";44;
0414082;"Pruszcz (2)";47;
0414093;"Świecie (3)";156;
0414102;"Świekatowo (2)";35;
0414112;"Warlubie (2)";28;
0415000;"Powiat toruński";656;
0415011;"Chełmża (1)";11;
0415022;"Chełmża (2)";158;
0415032;"Czernikowo (2)";137;
0415042;"Lubicz (2)";103;
0415052;"Łubianka (2)";44;
0415062;"Łysomice (2)";52;
0415072;"Obrowo (2)";54;
0415082;"Wielka Nieszawka (2)";25;
0415092;"Zławieś Wielka (2)";72;
0416000;"Powiat tucholski";297;
0416012;"Cekcyn (2)";32;
0416022;"Gostycyn (2)";39;
0416032;"Kęsowo (2)";64;
0416042;"Lubiewo (2)";43;
0416052;"Śliwice (2)";36;
0416063;"Tuchola (3)";83;
0417000;"Powiat wąbrzeski";345;
0417011;"Wąbrzeźno (1)";33;
0417022;"Dębowa Łąka (2)";30;
0417032;"Książki (2)";41;
0417042;"Płużnica (2)";69;
0417052;"Ryńsk (2)";172;
0418000;"Powiat włocławski";759;
0418011;"Kowal (1)";1;
0418022;"Baruchowo (2)";122;
0418032;"Boniewo (2)";29;
0418043;"Brześć Kujawski (3)";89;
0418052;"Choceń (2)";95;
0418063;"Chodecz (3)";10;
0418072;"Fabianki (2)";76;
0418083;"Izbica Kujawska (3)";29;
0418092;"Kowal (2)";39;
0418102;"Lubanie (2)";12;
0418113;"Lubień Kujawski (3)";105;
0418123;"Lubraniec (3)";48;
0418132;"Włocławek (2)";104;
0419000;"Powiat żniński";505;
0419013;"Barcin (3)";85;
0419022;"Gąsawa (2)";80;
0419033;"Janowiec Wielkopolski (3)";75;
0419043;"Łabiszyn (3)";74;
0419052;"Rogowo (2)";71;
0419063;"Żnin (3)";120;
0461000;"Powiat m.Bydgoszcz";983;
0461011;"Bydgoszcz (1)";983;
0462000;"Powiat m.Grudziądz";328;
0462011;"Grudziądz (1)";328;
0463000;"Powiat m.Toruń";713;
0463011;"Toruń (1)";713;
0464000;"Powiat m.Włocławek";301;
0464011;"Włocławek (1)";301;
0600000;"LUBELSKIE";12381;
0601000;"Powiat bialski";679;
0601011;"Międzyrzec Podlaski (1)";29;
0601021;"Terespol (1)";12;
0601032;"Biała Podlaska (2)";32;
0601042;"Drelów (2)";28;
0601052;"Janów Podlaski (2)";50;
0601062;"Kodeń (2)";14;
0601072;"Konstantynów (2)";26;
0601082;"Leśna Podlaska (2)";39;
0601092;"Łomazy (2)";39;
0601102;"Międzyrzec Podlaski (2)";93;
0601112;"Piszczac (2)";28;
0601122;"Rokitno (2)";37;
0601132;"Rossosz (2)";25;
0601142;"Sławatycze (2)";21;
0601152;"Sosnówka (2)";34;
0601162;"Terespol (2)";78;
0601172;"Tuczna (2)";39;
0601182;"Wisznice (2)";39;
0601192;"Zalesie (2)";16;
0602000;"Powiat biłgorajski";559;
0602011;"Biłgoraj (1)";35;
0602022;"Aleksandrów (2)";22;
0602032;"Biłgoraj (2)";99;
0602042;"Biszcza (2)";25;
0602053;"Frampol (3)";30;
0602062;"Goraj (2)";33;
0602073;"Józefów (3)";29;
0602082;"Księżpol (2)";63;
0602092;"Łukowa (2)";30;
0602102;"Obsza (2)";54;
0602112;"Potok Górny (2)";36;
0602123;"Tarnogród (3)";17;
0602132;"Tereszpol (2)";18;
0602142;"Turobin (2)";68;
0603000;"Powiat chełmski";746;
0603011;"Rejowiec Fabryczny (1)";12;
0603022;"Białopole (2)";31;
0603032;"Chełm (2)";92;
0603042;"Dorohusk (2)";106;
0603052;"Dubienka (2)";44;
0603062;"Kamień (2)";56;
0603072;"Leśniowice (2)";32;
0603082;"Rejowiec Fabryczny (2)";29;
0603092;"Ruda-Huta (2)";6;
0603102;"Sawin (2)";88;
0603113;"Siedliszcze (3)";72;
0603122;"Wierzbica (2)";64;
0603132;"Wojsławice (2)";48;
0603142;"Żmudź (2)";37;
0603153;"Rejowiec (3)";29;
0604000;"Powiat hrubieszowski";380;
0604011;"Hrubieszów (1)";31;
0604022;"Dołhobyczów (2)";32;
0604032;"Horodło (2)";16;
0604042;"Hrubieszów (2)";42;
0604052;"Mircze (2)";96;
0604062;"Trzeszczany (2)";24;
0604072;"Uchanie (2)";24;
0604082;"Werbkowice (2)";115;
0605000;"Powiat janowski";178;
0605012;"Batorz (2)";26;
0605022;"Chrzanów (2)";12;
0605032;"Dzwola (2)";21;
0605042;"Godziszów (2)";3;
0605053;"Janów Lubelski (3)";39;
0605063;"Modliborzyce (3)";50;
0605072;"Potok Wielki (2)";27;
0606000;"Powiat krasnostawski";590;
0606011;"Krasnystaw (1)";53;
0606022;"Fajsławice (2)";8;
0606032;"Gorzków (2)";62;
0606042;"Izbica (2)";46;
0606052;"Krasnystaw (2)";133;
0606062;"Kraśniczyn (2)";17;
0606072;"Łopiennik Górny (2)";141;
0606092;"Rudnik (2)";24;
0606102;"Siennica Różana (2)";65;
0606112;"Żółkiewka (2)";41;
0607000;"Powiat kraśnicki";655;
0607011;"Kraśnik (1)";114;
0607023;"Annopol (3)";69;
0607032;"Dzierzkowice (2)";35;
0607042;"Gościeradów (2)";43;
0607052;"Kraśnik (2)";56;
0607062;"Szastarka (2)";33;
0607072;"Trzydnik Duży (2)";67;
0607083;"Urzędów (3)";82;
0607092;"Wilkołaz (2)";62;
0607102;"Zakrzówek (2)";94;
0608000;"Powiat lubartowski";649;
0608011;"Lubartów (1)";22;
0608022;"Abramów (2)";50;
0608032;"Firlej (2)";24;
0608042;"Jeziorzany (2)";25;
0608052;"Kamionka (2)";105;
0608063;"Kock (3)";31;
0608072;"Lubartów (2)";97;
0608082;"Michów (2)";63;
0608092;"Niedźwiada (2)";43;
0608103;"Ostrów Lubelski (3)";53;
0608112;"Ostrówek (2)";51;
0608122;"Serniki (2)";28;
0608132;"Uścimów (2)";57;
0609000;"Powiat lubelski";1541;
0609013;"Bełżyce (3)";99;
0609022;"Borzechów (2)";56;
0609033;"Bychawa (3)";99;
0609042;"Garbów (2)";63;
0609052;"Głusk (2)";64;
0609062;"Jabłonna (2)";69;
0609072;"Jastków (2)";59;
0609082;"Konopnica (2)";143;
0609092;"Krzczonów (2)";85;
0609102;"Niedrzwica Duża (2)";74;
0609112;"Niemce (2)";415;
0609122;"Strzyżewice (2)";101;
0609132;"Wojciechów (2)";46;
0609142;"Wólka (2)";75;
0609152;"Wysokie (2)";55;
0609162;"Zakrzew (2)";38;
0610000;"Powiat łęczyński";326;
0610012;"Cyców (2)";25;
0610022;"Ludwin (2)";49;
0610033;"Łęczna (3)";60;
0610042;"Milejów (2)";55;
0610052;"Puchaczów (2)";59;
0610062;"Spiczyn (2)";78;
0611000;"Powiat łukowski";775;
0611011;"Łuków (1)";30;
0611021;"Stoczek Łukowski (1)";5;
0611032;"Adamów (2)";68;
0611042;"Krzywda (2)";39;
0611052;"Łuków (2)";116;
0611062;"Serokomla (2)";41;
0611072;"Stanin (2)";160;
0611082;"Stoczek Łukowski (2)";120;
0611092;"Trzebieszów (2)";105;
0611102;"Wojcieszków (2)";61;
0611112;"Wola Mysłowska (2)";30;
0612000;"Powiat opolski";335;
0612012;"Chodel (2)";42;
0612023;"Józefów nad Wisłą (3)";45;
0612032;"Karczmiska (2)";32;
0612042;"Łaziska (2)";34;
0612053;"Opole Lubelskie (3)";95;
0612063;"Poniatowa (3)";15;
0612072;"Wilków (2)";72;
0613000;"Powiat parczewski";252;
0613012;"Dębowa Kłoda (2)";34;
0613022;"Jabłoń (2)";23;
0613032;"Milanów (2)";34;
0613043;"Parczew (3)";63;
0613052;"Podedwórze (2)";24;
0613062;"Siemień (2)";36;
0613072;"Sosnowica (2)";38;
0614000;"Powiat puławski";640;
0614011;"Puławy (1)";156;
0614022;"Baranów (2)";53;
0614032;"Janowiec (2)";44;
0614043;"Kazimierz Dolny (3)";22;
0614052;"Końskowola (2)";39;
0614062;"Kurów (2)";17;
0614072;"Markuszów (2)";32;
0614083;"Nałęczów (3)";21;
0614092;"Puławy (2)";149;
0614102;"Wąwolnica (2)";29;
0614112;"Żyrzyn (2)";78;
0615000;"Powiat radzyński";319;
0615011;"Radzyń Podlaski (1)";33;
0615022;"Borki (2)";56;
0615032;"Czemierniki (2)";44;
0615042;"Kąkolewnica (2)";43;
0615052;"Komarówka Podlaska (2)";27;
0615062;"Radzyń Podlaski (2)";51;
0615072;"Ulan-Majorat (2)";17;
0615082;"Wohyń (2)";48;
0616000;"Powiat rycki";297;
0616011;"Dęblin (1)";42;
0616022;"Kłoczew (2)";30;
0616032;"Nowodwór (2)";25;
0616043;"Ryki (3)";102;
0616052;"Stężyca (2)";33;
0616062;"Ułęż (2)";65;
0617000;"Powiat świdnicki";404;
0617011;"Świdnik (1)";24;
0617022;"Mełgiew (2)";172;
0617033;"Piaski (3)";152;
0617042;"Rybczewice (2)";23;
0617052;"Trawniki (2)";33;
0618000;"Powiat tomaszowski";436;
0618011;"Tomaszów Lubelski (1)";13;
0618022;"Bełżec (2)";21;
0618032;"Jarczów (2)";28;
0618042;"Krynice (2)";39;
0618053;"Lubycza Królewska (3)";24;
0618063;"Łaszczów (3)";10;
0618072;"Rachanie (2)";30;
0618082;"Susiec (2)";82;
0618092;"Tarnawatka (2)";27;
0618102;"Telatyn (2)";39;
0618112;"Tomaszów Lubelski (2)";59;
0618123;"Tyszowce (3)";35;
0618132;"Ulhówek (2)";29;
0619000;"Powiat włodawski";318;
0619011;"Włodawa (1)";11;
0619022;"Hanna (2)";2;
0619032;"Hańsk (2)";26;
0619042;"Stary Brus (2)";28;
0619052;"Urszulin (2)";50;
0619062;"Włodawa (2)";71;
0619072;"Wola Uhruska (2)";65;
0619082;"Wyryki (2)";65;
0620000;"Powiat zamojski";977;
0620012;"Adamów (2)";38;
0620022;"Grabowiec (2)";43;
0620032;"Komarów-Osada (2)";49;
0620043;"Krasnobród (3)";73;
0620052;"Łabunie (2)";73;
0620062;"Miączyn (2)";52;
0620072;"Nielisz (2)";95;
0620082;"Radecznica (2)";35;
0620092;"Sitno (2)";65;
0620102;"Skierbieszów (2)";70;
0620112;"Stary Zamość (2)";49;
0620122;"Sułów (2)";52;
0620133;"Szczebrzeszyn (3)";36;
0620142;"Zamość (2)";178;
0620153;"Zwierzyniec (3)";69;
0661000;"Powiat m.Biała Podlaska";196;
0661011;"Biała Podlaska (1)";196;
0662000;"Powiat m.Chełm";186;
0662011;"Chełm (1)";186;
0663000;"Powiat m.Lublin";758;
0663011;"Lublin (1)";758;
0664000;"Powiat m.Zamość";185;
0664011;"Zamość (1)";185;
0800000;"LUBUSKIE";3568;
0801000;"Powiat gorzowski";332;
0801011;"Kostrzyn nad Odrą (1)";33;
0801022;"Bogdaniec (2)";22;
0801032;"Deszczno (2)";33;
0801042;"Kłodawa (2)";79;
0801052;"Lubiszyn (2)";65;
0801062;"Santok (2)";68;
0801073;"Witnica (3)";32;
0802000;"Powiat krośnieński";252;
0802011;"Gubin (1)";30;
0802022;"Bobrowice (2)";48;
0802032;"Bytnica (2)";10;
0802042;"Dąbie (2)";26;
0802052;"Gubin (2)";60;
0802063;"Krosno Odrzańskie (3)";62;
0802072;"Maszewo (2)";16;
0803000;"Powiat międzyrzecki";166;
0803012;"Bledzew (2)";24;
0803023;"Międzyrzecz (3)";60;
0803032;"Przytoczna (2)";15;
0803042;"Pszczew (2)";27;
0803053;"Skwierzyna (3)";21;
0803063;"Trzciel (3)";19;
0804000;"Powiat nowosolski";321;
0804011;"Nowa Sól (1)";96;
0804023;"Bytom Odrzański (3)";11;
0804032;"Kolsko (2)";8;
0804043;"Kożuchów (3)";98;
0804052;"Nowa Sól (2)";44;
0804063;"Nowe Miasteczko (3)";36;
0804073;"Otyń (3)";17;
0804082;"Siedlisko (2)";11;
0805000;"Powiat słubicki";187;
0805013;"Cybinka (3)";55;
0805022;"Górzyca (2)";20;
0805033;"Ośno Lubuskie (3)";18;
0805043;"Rzepin (3)";18;
0805053;"Słubice (3)";76;
0806000;"Powiat strzelecko-drezdenecki";161;
0806013;"Dobiegniew (3)";28;
0806023;"Drezdenko (3)";49;
0806032;"Stare Kurowo (2)";19;
0806043;"Strzelce Krajeńskie (3)";44;
0806052;"Zwierzyn (2)";21;
0807000;"Powiat sulęciński";113;
0807012;"Krzeszyce (2)";23;
0807023;"Lubniewice (3)";13;
0807032;"Słońsk (2)";9;
0807043;"Sulęcin (3)";30;
0807053;"Torzym (3)";38;
0808000;"Powiat świebodziński";170;
0808012;"Lubrza (2)";23;
0808022;"Łagów (2)";32;
0808032;"Skąpe (2)";23;
0808042;"Szczaniec (2)";20;
0808053;"Świebodzin (3)";60;
0808063;"Zbąszynek (3)";12;
0809000;"Powiat zielonogórski";329;
0809013;"Babimost (3)";13;
0809022;"Bojadła (2)";16;
0809033;"Czerwieńsk (3)";30;
0809043;"Kargowa (3)";23;
0809053;"Nowogród Bobrzański (3)";83;
0809063;"Sulechów (3)";60;
0809072;"Świdnica (2)";64;
0809082;"Trzebiechów (2)";21;
0809092;"Zabór (2)";19;
0810000;"Powiat żagański";294;
0810011;"Gozdnica (1)";7;
0810021;"Żagań (1)";76;
0810032;"Brzeźnica (2)";26;
0810043;"Iłowa (3)";33;
0810053;"Małomice (3)";9;
0810062;"Niegosławice (2)";28;
0810073;"Szprotawa (3)";52;
0810082;"Wymiarki (2)";18;
0810092;"Żagań (2)";45;
0811000;"Powiat żarski";362;
0811011;"Łęknica (1)";2;
0811021;"Żary (1)";86;
0811032;"Brody (2)";25;
0811043;"Jasień (3)";27;
0811052;"Lipinki Łużyckie (2)";20;
0811063;"Lubsko (3)";52;
0811072;"Przewóz (2)";29;
0811082;"Trzebiel (2)";32;
0811092;"Tuplice (2)";18;
0811102;"Żary (2)";71;
0812000;"Powiat wschowski";104;
0812013;"Sława (3)";14;
0812023;"Szlichtyngowa (3)";33;
0812033;"Wschowa (3)";57;
0861000;"Powiat m.Gorzów Wielkopolski";355;
0861011;"Gorzów Wielkopolski (1)";355;
0862000;"Powiat m.Zielona Góra";422;
0862011;"Zielona Góra (1)";422;
1000000;"ŁÓDZKIE";11957;
1001000;"Powiat bełchatowski";730;
1001011;"Bełchatów (1)";149;
1001022;"Bełchatów (2)";115;
1001032;"Drużbice (2)";47;
1001042;"Kleszczów (2)";69;
1001052;"Kluki (2)";72;
1001062;"Rusiec (2)";11;
1001072;"Szczerców (2)";75;
1001083;"Zelów (3)";192;
1002000;"Powiat kutnowski";687;
1002011;"Kutno (1)";187;
1002022;"Bedlno (2)";77;
1002032;"Dąbrowice (2)";9;
1002043;"Krośniewice (3)";28;
1002052;"Krzyżanów (2)";28;
1002062;"Kutno (2)";216;
1002072;"Łanięta (2)";15;
1002082;"Nowe Ostrowy (2)";31;
1002092;"Oporów (2)";11;
1002102;"Strzelce (2)";39;
1002113;"Żychlin (3)";46;
1003000;"Powiat łaski";265;
1003012;"Buczek (2)";20;
1003023;"Łask (3)";100;
1003032;"Sędziejowice (2)";86;
1003042;"Widawa (2)";39;
1003052;"Wodzierady (2)";20;
1004000;"Powiat łęczycki";235;
1004011;"Łęczyca (1)";7;
1004022;"Daszyna (2)";18;
1004032;"Góra Świętej Małgorzaty (2)";25;
1004042;"Grabów (2)";32;
1004052;"Łęczyca (2)";51;
1004063;"Piątek (3)";71;
1004072;"Świnice Warckie (2)";28;
1004082;"Witonia (2)";3;
1005000;"Powiat łowicki";335;
1005011;"Łowicz (1)";104;
1005022;"Bielawy (2)";28;
1005032;"Chąśno (2)";31;
1005042;"Domaniewice (2)";10;
1005052;"Kiernozia (2)";36;
1005062;"Kocierzew Południowy (2)";6;
1005072;"Łowicz (2)";41;
1005082;"Łyszkowice (2)";21;
1005092;"Nieborów (2)";18;
1005102;"Zduny (2)";40;
1006000;"Powiat łódzki wschodni";387;
1006022;"Andrespol (2)";59;
1006032;"Brójce (2)";57;
1006073;"Koluszki (3)";59;
1006082;"Nowosolna (2)";71;
1006103;"Rzgów (3)";106;
1006113;"Tuszyn (3)";35;
1007000;"Powiat opoczyński";600;
1007012;"Białaczów (2)";34;
1007023;"Drzewica (3)";86;
1007032;"Mniszków (2)";70;
1007043;"Opoczno (3)";218;
1007052;"Paradyż (2)";48;
1007062;"Poświętne (2)";14;
1007072;"Sławno (2)";65;
1007082;"Żarnów (2)";65;
1008000;"Powiat pabianicki";438;
1008011;"Konstantynów Łódzki (1)";51;
1008021;"Pabianice (1)";184;
1008032;"Dłutów (2)";67;
1008042;"Dobroń (2)";15;
1008052;"Ksawerów (2)";58;
1008062;"Lutomiersk (2)";35;
1008072;"Pabianice (2)";28;
1009000;"Powiat pajęczański";281;
1009013;"Działoszyn (3)";37;
1009022;"Kiełczygłów (2)";31;
1009032;"Nowa Brzeźnica (2)";25;
1009043;"Pajęczno (3)";48;
1009052;"Rząśnia (2)";56;
1009062;"Siemkowice (2)";23;
1009072;"Strzelce Wielkie (2)";29;
1009082;"Sulmierzyce (2)";32;
1010000;"Powiat piotrkowski";716;
1010012;"Aleksandrów (2)";46;
1010022;"Czarnocin (2)";63;
1010032;"Gorzkowice (2)";88;
1010042;"Grabica (2)";21;
1010052;"Łęki Szlacheckie (2)";44;
1010062;"Moszczenica (2)";86;
1010072;"Ręczno (2)";23;
1010082;"Rozprza (2)";67;
1010093;"Sulejów (3)";106;
1010102;"Wola Krzysztoporska (2)";102;
1010113;"Wolbórz (3)";70;
1011000;"Powiat poddębicki";331;
1011012;"Dalików (2)";35;
1011022;"Pęczniew (2)";25;
1011033;"Poddębice (3)";136;
1011043;"Uniejów (3)";36;
1011052;"Wartkowice (2)";51;
1011062;"Zadzim (2)";48;
1012000;"Powiat radomszczański";773;
1012011;"Radomsko (1)";217;
1012022;"Dobryszyce (2)";21;
1012032;"Gidle (2)";65;
1012042;"Gomunice (2)";49;
1012053;"Kamieńsk (3)";83;
1012062;"Kobiele Wielkie (2)";16;
1012072;"Kodrąb (2)";27;
1012082;"Lgota Wielka (2)";54;
1012092;"Ładzice (2)";38;
1012102;"Masłowice (2)";28;
1012113;"Przedbórz (3)";46;
1012122;"Radomsko (2)";51;
1012132;"Wielgomłyny (2)";37;
1012142;"Żytno (2)";41;
1013000;"Powiat rawski";248;
1013011;"Rawa Mazowiecka (1)";42;
1013023;"Biała Rawska (3)";90;
1013032;"Cielądz (2)";21;
1013042;"Rawa Mazowiecka (2)";60;
1013052;"Regnów (2)";14;
1013062;"Sadkowice (2)";21;
1014000;"Powiat sieradzki";616;
1014011;"Sieradz (1)";211;
1014023;"Błaszki (3)";54;
1014032;"Brąszewice (2)";27;
1014042;"Brzeźnio (2)";65;
1014052;"Burzenin (2)";46;
1014062;"Goszczanów (2)";36;
1014072;"Klonowa (2)";32;
1014082;"Sieradz (2)";32;
1014093;"Warta (3)";66;
1014102;"Wróblew (2)";14;
1014113;"Złoczew (3)";33;
1015000;"Powiat skierniewicki";150;
1015012;"Bolimów (2)";14;
1015022;"Głuchów (2)";20;
1015032;"Godzianów (2)";12;
1015042;"Kowiesy (2)";32;
1015052;"Lipce Reymontowskie (2)";6;
1015062;"Maków (2)";6;
1015072;"Nowy Kawęczyn (2)";20;
1015082;"Skierniewice (2)";35;
1015092;"Słupia (2)";5;
1016000;"Powiat tomaszowski";616;
1016011;"Tomaszów Mazowiecki (1)";258;
1016022;"Będków (2)";48;
1016032;"Budziszewice (2)";13;
1016042;"Czerniewice (2)";63;
1016052;"Inowłódz (2)";12;
1016062;"Lubochnia (2)";47;
1016072;"Rokiciny (2)";49;
1016082;"Rzeczyca (2)";47;
1016092;"Tomaszów Mazowiecki (2)";56;
1016102;"Ujazd (2)";15;
1016112;"Żelechlinek (2)";8;
1017000;"Powiat wieluński";517;
1017012;"Biała (2)";39;
1017022;"Czarnożyły (2)";33;
1017032;"Konopnica (2)";24;
1017042;"Mokrsko (2)";39;
1017052;"Osjaków (2)";43;
1017062;"Ostrówek (2)";35;
1017072;"Pątnów (2)";76;
1017082;"Skomlin (2)";19;
1017093;"Wieluń (3)";169;
1017102;"Wierzchlas (2)";40;
1018000;"Powiat wieruszowski";204;
1018012;"Bolesławiec (2)";21;
1018022;"Czastary (2)";19;
1018032;"Galewice (2)";28;
1018043;"Lututów (3)";30;
1018052;"Łubnice (2)";30;
1018062;"Sokolniki (2)";39;
1018073;"Wieruszów (3)";37;
1019000;"Powiat zduńskowolski";302;
1019011;"Zduńska Wola (1)";141;
1019023;"Szadek (3)";28;
1019032;"Zapolice (2)";24;
1019042;"Zduńska Wola (2)";109;
1020000;"Powiat zgierski";858;
1020011;"Głowno (1)";56;
1020021;"Ozorków (1)";34;
1020031;"Zgierz (1)";195;
1020043;"Aleksandrów Łódzki (3)";142;
1020052;"Głowno (2)";26;
1020062;"Ozorków (2)";104;
1020072;"Parzęczew (2)";53;
1020083;"Stryków (3)";72;
1020092;"Zgierz (2)";176;
1021000;"Powiat brzeziński";160;
1021011;"Brzeziny (1)";34;
1021022;"Brzeziny (2)";80;
1021032;"Dmosin (2)";18;
1021042;"Jeżów (2)";20;
1021052;"Rogów (2)";8;
1061000;"Powiat m.Łódź";2057;
1061011;"Łódź (1)";2057;
1062000;"Powiat m.Piotrków Trybunalski";266;
1062011;"Piotrków Trybunalski (1)";266;
1063000;"Powiat m.Skierniewice";185;
1063011;"Skierniewice (1)";185;
1200000;"MAŁOPOLSKIE";15617;
1201000;"Powiat bocheński";819;
1201011;"Bochnia (1)";107;
1201022;"Bochnia (2)";307;
1201032;"Drwinia (2)";43;
1201042;"Lipnica Murowana (2)";58;
1201052;"Łapanów (2)";82;
1201063;"Nowy Wiśnicz (3)";118;
1201072;"Rzezawa (2)";43;
1201082;"Trzciana (2)";31;
1201092;"Żegocina (2)";30;
1202000;"Powiat brzeski";610;
1202012;"Borzęcin (2)";83;
1202023;"Brzesko (3)";301;
1202033;"Czchów (3)";9;
1202042;"Dębno (2)";59;
1202052;"Gnojnik (2)";50;
1202062;"Iwkowa (2)";19;
1202072;"Szczurowa (2)";89;
1203000;"Powiat chrzanowski";551;
1203013;"Alwernia (3)";44;
1203022;"Babice (2)";55;
1203033;"Chrzanów (3)";162;
1203043;"Libiąż (3)";121;
1203053;"Trzebinia (3)";169;
1204000;"Powiat dąbrowski";219;
1204012;"Bolesław (2)";12;
1204023;"Dąbrowa Tarnowska (3)";91;
1204032;"Gręboszów (2)";16;
1204042;"Mędrzechów (2)";22;
1204052;"Olesno (2)";12;
1204062;"Radgoszcz (2)";37;
1204073;"Szczucin (3)";29;
1205000;"Powiat gorlicki";649;
1205011;"Gorlice (1)";95;
1205023;"Biecz (3)";112;
1205033;"Bobowa (3)";54;
1205042;"Gorlice (2)";130;
1205052;"Lipinki (2)";49;
1205062;"Łużna (2)";34;
1205072;"Moszczenica (2)";15;
1205082;"Ropa (2)";31;
1205092;"Sękowa (2)";42;
1205102;"Uście Gorlickie (2)";87;
1206000;"Powiat krakowski";1593;
1206012;"Czernichów (2)";107;
1206022;"Igołomia-Wawrzeńczyce (2)";34;
1206032;"Iwanowice (2)";49;
1206042;"Jerzmanowice-Przeginia (2)";78;
1206052;"Kocmyrzów-Luborzyca (2)";51;
1206063;"Krzeszowice (3)";216;
1206072;"Liszki (2)";157;
1206082;"Michałowice (2)";40;
1206092;"Mogilany (2)";88;
1206103;"Skała (3)";86;
1206113;"Skawina (3)";257;
1206123;"Słomniki (3)";16;
1206132;"Sułoszowa (2)";17;
1206143;"Świątniki Górne (3)";35;
1206152;"Wielka Wieś (2)";41;
1206162;"Zabierzów (2)";193;
1206172;"Zielonki (2)";128;
1207000;"Powiat limanowski";633;
1207011;"Limanowa (1)";72;
1207021;"Mszana Dolna (1)";14;
1207032;"Dobra (2)";72;
1207042;"Jodłownik (2)";33;
1207052;"Kamienica (2)";53;
1207062;"Laskowa (2)";46;
1207072;"Limanowa (2)";129;
1207082;"Łukowica (2)";42;
1207092;"Mszana Dolna (2)";39;
1207102;"Niedźwiedź (2)";51;
1207112;"Słopnice (2)";40;
1207122;"Tymbark (2)";42;
1208000;"Powiat miechowski";543;
1208012;"Charsznica (2)";106;
1208022;"Gołcza (2)";88;
1208032;"Kozłów (2)";62;
1208042;"Książ Wielki (2)";75;
1208053;"Miechów (3)";153;
1208062;"Racławice (2)";30;
1208072;"Słaboszów (2)";29;
1209000;"Powiat myślenicki";526;
1209013;"Dobczyce (3)";39;
1209022;"Lubień (2)";30;
1209033;"Myślenice (3)";121;
1209042;"Pcim (2)";100;
1209052;"Raciechowice (2)";37;
1209062;"Siepraw (2)";70;
1209073;"Sułkowice (3)";55;
1209082;"Tokarnia (2)";51;
1209092;"Wiśniowa (2)";23;
1210000;"Powiat nowosądecki";1115;
1210011;"Grybów (1)";19;
1210022;"Chełmiec (2)";71;
1210032;"Gródek nad Dunajcem (2)";32;
1210042;"Grybów (2)";125;
1210052;"Kamionka Wielka (2)";76;
1210062;"Korzenna (2)";64;
1210073;"Krynica-Zdrój (3)";147;
1210082;"Łabowa (2)";26;
1210092;"Łącko (2)";130;
1210102;"Łososina Dolna (2)";26;
1210113;"Muszyna (3)";62;
1210122;"Nawojowa (2)";44;
1210133;"Piwniczna-Zdrój (3)";54;
1210142;"Podegrodzie (2)";120;
1210152;"Rytro (2)";14;
1210163;"Stary Sącz (3)";105;
1211000;"Powiat nowotarski";667;
1211011;"Nowy Targ (1)";116;
1211023;"Szczawnica (3)";25;
1211032;"Czarny Dunajec (2)";101;
1211042;"Czorsztyn (2)";22;
1211052;"Jabłonka (2)";87;
1211062;"Krościenko nad Dunajcem (2)";3;
1211072;"Lipnica Wielka (2)";14;
1211082;"Łapsze Niżne (2)";51;
1211092;"Nowy Targ (2)";24;
1211102;"Ochotnica Dolna (2)";9;
1211112;"Raba Wyżna (2)";41;
1211123;"Rabka-Zdrój (3)";81;
1211132;"Spytkowice (2)";21;
1211142;"Szaflary (2)";72;
1212000;"Powiat olkuski";718;
1212011;"Bukowno (1)";86;
1212032;"Bolesław (2)";92;
1212042;"Klucze (2)";126;
1212053;"Olkusz (3)";309;
1212062;"Trzyciąż (2)";47;
1212073;"Wolbrom (3)";58;
1213000;"Powiat oświęcimski";626;
1213011;"Oświęcim (1)";121;
1213023;"Brzeszcze (3)";60;
1213033;"Chełmek (3)";52;
1213043;"Kęty (3)";142;
1213052;"Osiek (2)";32;
1213062;"Oświęcim (2)";144;
1213072;"Polanka Wielka (2)";22;
1213082;"Przeciszów (2)";7;
1213093;"Zator (3)";46;
1214000;"Powiat proszowicki";244;
1214012;"Koniusza (2)";52;
1214023;"Koszyce (3)";58;
1214033;"Nowe Brzesko (3)";10;
1214042;"Pałecznica (2)";26;
1214053;"Proszowice (3)";87;
1214062;"Radziemice (2)";11;
1215000;"Powiat suski";392;
1215011;"Jordanów (1)";5;
1215021;"Sucha Beskidzka (1)";21;
1215032;"Budzów (2)";48;
1215042;"Bystra-Sidzina (2)";44;
1215052;"Jordanów (2)";100;
1215063;"Maków Podhalański (3)";21;
1215072;"Stryszawa (2)";60;
1215082;"Zawoja (2)";74;
1215092;"Zembrzyce (2)";19;
1216000;"Powiat tarnowski";1060;
1216013;"Ciężkowice (3)";33;
1216022;"Gromnik (2)";51;
1216032;"Lisia Góra (2)";116;
1216042;"Pleśna (2)";16;
1216053;"Radłów (3)";42;
1216063;"Ryglice (3)";31;
1216072;"Rzepiennik Strzyżewski (2)";33;
1216082;"Skrzyszów (2)";108;
1216092;"Tarnów (2)";179;
1216103;"Tuchów (3)";6;
1216112;"Wierzchosławice (2)";82;
1216122;"Wietrzychowice (2)";15;
1216133;"Wojnicz (3)";72;
1216143;"Zakliczyn (3)";187;
1216153;"Żabno (3)";71;
1216162;"Szerzyny (2)";18;
1217000;"Powiat tatrzański";421;
1217011;"Zakopane (1)";128;
1217022;"Biały Dunajec (2)";66;
1217032;"Bukowina Tatrzańska (2)";77;
1217042;"Kościelisko (2)";46;
1217052;"Poronin (2)";104;
1218000;"Powiat wadowicki";704;
1218013;"Andrychów (3)";218;
1218022;"Brzeźnica (2)";95;
1218033;"Kalwaria Zebrzydowska (3)";99;
1218042;"Lanckorona (2)";14;
1218052;"Mucharz (2)";22;
1218062;"Spytkowice (2)";64;
1218072;"Stryszów (2)";41;
1218082;"Tomice (2)";41;
1218093;"Wadowice (3)";98;
1218102;"Wieprz (2)";12;
1219000;"Powiat wielicki";599;
1219012;"Biskupice (2)";117;
1219022;"Gdów (2)";209;
1219032;"Kłaj (2)";106;
1219043;"Niepołomice (3)";54;
1219053;"Wieliczka (3)";113;
1261000;"Powiat m.Kraków";1843;
1261011;"Kraków (1)";1843;
1262000;"Powiat m.Nowy Sącz";713;
1262011;"Nowy Sącz (1)";713;
1263000;"Powiat m.Tarnów";372;
1263011;"Tarnów (1)";372;
1400000;"MAZOWIECKIE";22205;
1401000;"Powiat białobrzeski";143;
1401013;"Białobrzegi (3)";29;
1401022;"Promna (2)";30;
1401032;"Radzanów (2)";25;
1401042;"Stara Błotnica (2)";15;
1401052;"Stromiec (2)";20;
1401063;"Wyśmierzyce (3)";24;
1402000;"Powiat ciechanowski";562;
1402011;"Ciechanów (1)";218;
1402022;"Ciechanów (2)";52;
1402033;"Glinojeck (3)";72;
1402042;"Gołymin-Ośrodek (2)";58;
1402052;"Grudusk (2)";14;
1402062;"Ojrzeń (2)";21;
1402072;"Opinogóra Górna (2)";70;
1402082;"Regimin (2)";37;
1402092;"Sońsk (2)";20;
1403000;"Powiat garwoliński";642;
1403011;"Garwolin (1)";13;
1403021;"Łaskarzew (1)";7;
1403032;"Borowie (2)";55;
1403042;"Garwolin (2)";133;
1403052;"Górzno (2)";60;
1403062;"Łaskarzew (2)";25;
1403072;"Maciejowice (2)";51;
1403082;"Miastków Kościelny (2)";43;
1403092;"Parysów (2)";32;
1403103;"Pilawa (3)";50;
1403112;"Sobolew (2)";21;
1403122;"Trojanów (2)";28;
1403132;"Wilga (2)";70;
1403143;"Żelechów (3)";54;
1404000;"Powiat gostyniński";240;
1404011;"Gostynin (1)";38;
1404022;"Gostynin (2)";78;
1404032;"Pacyna (2)";26;
1404043;"Sanniki (3)";36;
1404052;"Szczawin Kościelny (2)";62;
1405000;"Powiat grodziski";615;
1405011;"Milanówek (1)";28;
1405021;"Podkowa Leśna (1)";2;
1405032;"Baranów (2)";58;
1405043;"Grodzisk Mazowiecki (3)";325;
1405052;"Jaktorów (2)";5;
1405062;"Żabia Wola (2)";197;
1406000;"Powiat grójecki";530;
1406012;"Belsk Duży (2)";85;
1406022;"Błędów (2)";60;
1406032;"Chynów (2)";27;
1406042;"Goszczyn (2)";20;
1406053;"Grójec (3)";86;
1406062;"Jasieniec (2)";89;
1406073;"Mogielnica (3)";48;
1406083;"Nowe Miasto nad Pilicą (3)";20;
1406092;"Pniewy (2)";34;
1406113;"Warka (3)";61;
1407000;"Powiat kozienicki";194;
1407012;"Garbatka-Letnisko (2)";26;
1407022;"Głowaczów (2)";25;
1407032;"Gniewoszów (2)";17;
1407042;"Grabów nad Pilicą (2)";12;
1407053;"Kozienice (3)";91;
1407062;"Magnuszew (2)";8;
1407072;"Sieciechów (2)";15;
1408000;"Powiat legionowski";528;
1408011;"Legionowo (1)";113;
1408022;"Jabłonna (2)";61;
1408032;"Nieporęt (2)";102;
1408043;"Serock (3)";161;
1408052;"Wieliszew (2)";91;
1409000;"Powiat lipski";469;
1409012;"Chotcza (2)";24;
1409022;"Ciepielów (2)";70;
1409033;"Lipsko (3)";139;
1409042;"Rzeczniów (2)";42;
1409052;"Sienno (2)";88;
1409062;"Solec nad Wisłą (2)";106;
1410000;"Powiat łosicki";277;
1410012;"Huszlew (2)";31;
1410023;"Łosice (3)";103;
1410032;"Olszanka (2)";10;
1410042;"Platerów (2)";2;
1410052;"Sarnaki (2)";113;
1410062;"Stara Kornica (2)";18;
1411000;"Powiat makowski";303;
1411011;"Maków Mazowiecki (1)";14;
1411022;"Czerwonka (2)";33;
1411032;"Karniewo (2)";25;
1411042;"Krasnosielc (2)";51;
1411052;"Młynarze (2)";20;
1411062;"Płoniawy-Bramura (2)";32;
1411073;"Różan (3)";18;
1411082;"Rzewnie (2)";18;
1411092;"Sypniewo (2)";29;
1411102;"Szelków (2)";63;
1412000;"Powiat miński";998;
1412011;"Mińsk Mazowiecki (1)";76;
1412042;"Cegłów (2)";37;
1412052;"Dębe Wielkie (2)";84;
1412062;"Dobre (2)";117;
1412073;"Halinów (3)";147;
1412082;"Jakubów (2)";81;
1412093;"Kałuszyn (3)";54;
1412102;"Latowicz (2)";18;
1412112;"Mińsk Mazowiecki (2)";102;
1412123;"Mrozy (3)";75;
1412132;"Siennica (2)";81;
1412142;"Stanisławów (2)";56;
1412151;"Sulejówek (1)";70;
1413000;"Powiat mławski";490;
1413011;"Mława (1)";103;
1413022;"Dzierzgowo (2)";50;
1413032;"Lipowiec Kościelny (2)";27;
1413042;"Radzanów (2)";5;
1413052;"Strzegowo (2)";75;
1413062;"Stupsk (2)";43;
1413072;"Szreńsk (2)";26;
1413082;"Szydłowo (2)";59;
1413092;"Wieczfnia Kościelna (2)";57;
1413102;"Wiśniewo (2)";45;
1414000;"Powiat nowodworski";378;
1414011;"Nowy Dwór Mazowiecki (1)";87;
1414022;"Czosnów (2)";49;
1414032;"Leoncin (2)";33;
1414043;"Nasielsk (3)";105;
1414052;"Pomiechówek (2)";63;
1414063;"Zakroczym (3)";41;
1415000;"Powiat ostrołęcki";722;
1415012;"Baranowo (2)";43;
1415022;"Czarnia (2)";48;
1415032;"Czerwin (2)";6;
1415042;"Goworowo (2)";225;
1415052;"Kadzidło (2)";42;
1415062;"Lelis (2)";78;
1415072;"Łyse (2)";34;
1415083;"Myszyniec (3)";32;
1415092;"Olszewo-Borki (2)";101;
1415102;"Rzekuń (2)";74;
1415112;"Troszyn (2)";39;
1416000;"Powiat ostrowski";426;
1416011;"Ostrów Mazowiecka (1)";85;
1416022;"Andrzejewo (2)";37;
1416032;"Boguty-Pianki (2)";15;
1416043;"Brok (3)";16;
1416052;"Małkinia Górna (2)";55;
1416062;"Nur (2)";51;
1416072;"Ostrów Mazowiecka (2)";45;
1416082;"Stary Lubotyń (2)";40;
1416092;"Szulborze Wielkie (2)";13;
1416102;"Wąsewo (2)";53;
1416112;"Zaręby Kościelne (2)";16;
1417000;"Powiat otwocki";398;
1417011;"Józefów (1)";30;
1417021;"Otwock (1)";132;
1417032;"Celestynów (2)";32;
1417043;"Karczew (3)";49;
1417052;"Kołbiel (2)";45;
1417062;"Osieck (2)";23;
1417072;"Sobienie-Jeziory (2)";2;
1417082;"Wiązowna (2)";85;
1418000;"Powiat piaseczyński";705;
1418013;"Góra Kalwaria (3)";53;
1418023;"Konstancin-Jeziorna (3)";204;
1418032;"Lesznowola (2)";140;
1418043;"Piaseczno (3)";244;
1418052;"Prażmów (2)";44;
1418063;"Tarczyn (3)";20;
1419000;"Powiat płocki";774;
1419012;"Bielsk (2)";69;
1419022;"Bodzanów (2)";42;
1419032;"Brudzeń Duży (2)";33;
1419042;"Bulkowo (2)";36;
1419053;"Drobin (3)";31;
1419063;"Gąbin (3)";30;
1419072;"Łąck (2)";20;
1419082;"Mała Wieś (2)";17;
1419092;"Nowy Duninów (2)";62;
1419102;"Radzanowo (2)";47;
1419112;"Słubice (2)";19;
1419122;"Słupno (2)";196;
1419132;"Stara Biała (2)";113;
1419142;"Staroźreby (2)";45;
1419153;"Wyszogród (3)";14;
1420000;"Powiat płoński";374;
1420011;"Płońsk (1)";12;
1420021;"Raciąż (1)";1;
1420032;"Baboszewo (2)";45;
1420043;"Czerwińsk nad Wisłą (3)";13;
1420052;"Dzierzążnia (2)";27;
1420062;"Joniec (2)";9;
1420072;"Naruszewo (2)";102;
1420082;"Nowe Miasto (2)";14;
1420092;"Płońsk (2)";44;
1420102;"Raciąż (2)";32;
1420112;"Sochocin (2)";23;
1420122;"Załuski (2)";52;
1421000;"Powiat pruszkowski";535;
1421011;"Piastów (1)";40;
1421021;"Pruszków (1)";135;
1421033;"Brwinów (3)";138;
1421042;"Michałowice (2)";64;
1421052;"Nadarzyn (2)";75;
1421062;"Raszyn (2)";83;
1422000;"Powiat przasnyski";262;
1422011;"Przasnysz (1)";36;
1422023;"Chorzele (3)";32;
1422032;"Czernice Borowe (2)";28;
1422042;"Jednorożec (2)";40;
1422052;"Krasne (2)";25;
1422062;"Krzynowłoga Mała (2)";34;
1422072;"Przasnysz (2)";67;
1423000;"Powiat przysuski";202;
1423012;"Borkowice (2)";52;
1423022;"Gielniów (2)";24;
1423032;"Klwów (2)";15;
1423042;"Odrzywół (2)";14;
1423052;"Potworów (2)";16;
1423063;"Przysucha (3)";48;
1423072;"Rusinów (2)";18;
1423082;"Wieniawa (2)";15;
1424000;"Powiat pułtuski";230;
1424012;"Gzy (2)";25;
1424022;"Obryte (2)";23;
1424032;"Pokrzywnica (2)";33;
1424043;"Pułtusk (3)";33;
1424052;"Świercze (2)";21;
1424062;"Winnica (2)";79;
1424072;"Zatory (2)";16;
1425000;"Powiat radomski";615;
1425011;"Pionki (1)";36;
1425022;"Gózd (2)";23;
1425033;"Iłża (3)";88;
1425042;"Jastrzębia (2)";28;
1425052;"Jedlińsk (2)";44;
1425062;"Jedlnia-Letnisko (2)";58;
1425072;"Kowala (2)";20;
1425082;"Pionki (2)";40;
1425092;"Przytyk (2)";44;
1425103;"Skaryszew (3)";101;
1425112;"Wierzbica (2)";26;
1425122;"Wolanów (2)";32;
1425132;"Zakrzew (2)";75;
1426000;"Powiat siedlecki";1062;
1426012;"Domanice (2)";15;
1426022;"Korczew (2)";49;
1426032;"Kotuń (2)";148;
1426042;"Mokobody (2)";94;
1426053;"Mordy (3)";41;
1426062;"Paprotnia (2)";18;
1426072;"Przesmyki (2)";37;
1426082;"Siedlce (2)";274;
1426092;"Skórzec (2)";42;
1426102;"Suchożebry (2)";48;
1426112;"Wiśniew (2)";86;
1426122;"Wodynie (2)";55;
1426132;"Zbuczyn (2)";155;
1427000;"Powiat sierpecki";238;
1427011;"Sierpc (1)";23;
1427022;"Gozdowo (2)";42;
1427032;"Mochowo (2)";23;
1427042;"Rościszewo (2)";31;
1427052;"Sierpc (2)";60;
1427062;"Szczutowo (2)";29;
1427072;"Zawidz (2)";30;
1428000;"Powiat sochaczewski";498;
1428011;"Sochaczew (1)";109;
1428022;"Brochów (2)";81;
1428032;"Iłów (2)";54;
1428042;"Młodzieszyn (2)";36;
1428052;"Nowa Sucha (2)";17;
1428062;"Rybno (2)";77;
1428072;"Sochaczew (2)";87;
1428082;"Teresin (2)";37;
1429000;"Powiat sokołowski";339;
1429011;"Sokołów Podlaski (1)";37;
1429022;"Bielany (2)";47;
1429032;"Ceranów (2)";24;
1429042;"Jabłonna Lacka (2)";30;
1429053;"Kosów Lacki (3)";36;
1429062;"Repki (2)";62;
1429072;"Sabnie (2)";33;
1429082;"Sokołów Podlaski (2)";37;
1429092;"Sterdyń (2)";33;
1430000;"Powiat szydłowiecki";260;
1430012;"Chlewiska (2)";52;
1430022;"Jastrząb (2)";40;
1430032;"Mirów (2)";50;
1430042;"Orońsko (2)";8;
1430053;"Szydłowiec (3)";110;
1432000;"Powiat warszawski zachodni";513;
1432013;"Błonie (3)";53;
1432022;"Izabelin (2)";38;
1432032;"Kampinos (2)";70;
1432042;"Leszno (2)";20;
1432053;"Łomianki (3)";76;
1432063;"Ożarów Mazowiecki (3)";127;
1432072;"Stare Babice (2)";129;
1433000;"Powiat węgrowski";252;
1433011;"Węgrów (1)";1;
1433022;"Grębków (2)";26;
1433032;"Korytnica (2)";32;
1433042;"Liw (2)";69;
1433053;"Łochów (3)";38;
1433062;"Miedzna (2)";23;
1433072;"Sadowne (2)";30;
1433082;"Stoczek (2)";18;
1433092;"Wierzbno (2)";15;
1434000;"Powiat wołomiński";700;
1434011;"Kobyłka (1)";43;
1434021;"Marki (1)";70;
1434031;"Ząbki (1)";75;
1434041;"Zielonka (1)";78;
1434052;"Dąbrówka (2)";41;
1434062;"Jadów (2)";12;
1434072;"Klembów (2)";23;
1434082;"Poświętne (2)";22;
1434093;"Radzymin (3)";171;
1434102;"Strachówka (2)";33;
1434113;"Tłuszcz (3)";23;
1434123;"Wołomin (3)";109;
1435000;"Powiat wyszkowski";312;
1435012;"Brańszczyk (2)";38;
1435022;"Długosiodło (2)";50;
1435032;"Rząśnik (2)";34;
1435042;"Somianka (2)";77;
1435053;"Wyszków (3)";107;
1435062;"Zabrodzie (2)";6;
1436000;"Powiat zwoleński";195;
1436012;"Kazanów (2)";32;
1436022;"Policzna (2)";48;
1436032;"Przyłęk (2)";40;
1436042;"Tczów (2)";32;
1436053;"Zwoleń (3)";43;
1437000;"Powiat żuromiński";142;
1437013;"Bieżuń (3)";19;
1437022;"Kuczbork-Osada (2)";23;
1437033;"Lubowidz (3)";16;
1437042;"Lutocin (2)";49;
1437052;"Siemiątkowo (2)";14;
1437063;"Żuromin (3)";21;
1438000;"Powiat żyrardowski";496;
1438011;"Żyrardów (1)";87;
1438023;"Mszczonów (3)";169;
1438032;"Puszcza Mariańska (2)";21;
1438042;"Radziejowice (2)";87;
1438052;"Wiskitki (2)";132;
1461000;"Powiat m.Ostrołęka";173;
1461011;"Ostrołęka (1)";173;
1462000;"Powiat m.Płock";386;
1462011;"Płock (1)";386;
1463000;"Powiat m.Radom";575;
1463011;"Radom (1)";575;
1464000;"Powiat m.Siedlce";256;
1464011;"Siedlce (1)";256;
1465000;"Powiat m. st. Warszawa";4196;
1465011;"M.st.Warszawa od 2002 (1)";4196;
1600000;"OPOLSKIE";4337;
1601000;"Powiat brzeski";398;
1601011;"Brzeg (1)";97;
1601022;"Skarbimierz (2)";48;
1601033;"Grodków (3)";72;
1601043;"Lewin Brzeski (3)";61;
1601052;"Lubsza (2)";97;
1601062;"Olszanka (2)";23;
1602000;"Powiat głubczycki";168;
1602013;"Baborów (3)";28;
1602022;"Branice (2)";35;
1602033;"Głubczyce (3)";81;
1602043;"Kietrz (3)";24;
1603000;"Powiat kędzierzyńsko-kozielski";447;
1603011;"Kędzierzyn-Koźle (1)";198;
1603022;"Bierawa (2)";33;
1603032;"Cisek (2)";80;
1603042;"Pawłowiczki (2)";45;
1603052;"Polska Cerekiew (2)";47;
1603062;"Reńska Wieś (2)";44;
1604000;"Powiat kluczborski";345;
1604013;"Byczyna (3)";102;
1604023;"Kluczbork (3)";144;
1604032;"Lasowice Wielkie (2)";36;
1604043;"Wołczyn (3)";63;
1605000;"Powiat krapkowicki";175;
1605013;"Gogolin (3)";60;
1605023;"Krapkowice (3)";28;
1605032;"Strzeleczki (2)";20;
1605042;"Walce (2)";26;
1605053;"Zdzieszowice (3)";41;
1606000;"Powiat namysłowski";160;
1606012;"Domaszowice (2)";25;
1606023;"Namysłów (3)";56;
1606032;"Pokój (2)";38;
1606042;"Świerczów (2)";14;
1606052;"Wilków (2)";27;
1607000;"Powiat nyski";748;
1607013;"Głuchołazy (3)";124;
1607022;"Kamiennik (2)";21;
1607033;"Korfantów (3)";101;
1607042;"Łambinowice (2)";33;
1607053;"Nysa (3)";261;
1607063;"Otmuchów (3)";109;
1607073;"Paczków (3)";43;
1607082;"Pakosławice (2)";10;
1607092;"Skoroszyce (2)";46;
1608000;"Powiat oleski";468;
1608013;"Dobrodzień (3)";116;
1608023;"Gorzów Śląski (3)";62;
1608033;"Olesno (3)";55;
1608043;"Praszka (3)";58;
1608052;"Radłów (2)";23;
1608062;"Rudniki (2)";135;
1608072;"Zębowice (2)";19;
1609000;"Powiat opolski";477;
1609012;"Chrząstowice (2)";23;
1609022;"Dąbrowa (2)";3;
1609032;"Dobrzeń Wielki (2)";25;
1609042;"Komprachcice (2)";33;
1609052;"Łubniany (2)";58;
1609062;"Murów (2)";34;
1609073;"Niemodlin (3)";78;
1609083;"Ozimek (3)";29;
1609092;"Popielów (2)";64;
1609103;"Prószków (3)";34;
1609112;"Tarnów Opolski (2)";24;
1609123;"Tułowice (3)";27;
1609132;"Turawa (2)";45;
1610000;"Powiat prudnicki";217;
1610013;"Biała (3)";37;
1610023;"Głogówek (3)";45;
1610032;"Lubrza (2)";28;
1610043;"Prudnik (3)";107;
1611000;"Powiat strzelecki";253;
1611012;"Izbicko (2)";20;
1611022;"Jemielnica (2)";38;
1611033;"Kolonowskie (3)";14;
1611043;"Leśnica (3)";6;
1611053;"Strzelce Opolskie (3)";90;
1611063;"Ujazd (3)";59;
1611073;"Zawadzkie (3)";26;
1661000;"Powiat m.Opole";481;
1661011;"Opole (1)";481;
1800000;"PODKARPACKIE";10389;
1801000;"Powiat bieszczadzki";168;
1801032;"Czarna (2)";24;
1801052;"Lutowiska (2)";28;
1801083;"Ustrzyki Dolne (3)";116;
1802000;"Powiat brzozowski";329;
1802013;"Brzozów (3)";70;
1802022;"Domaradz (2)";22;
1802032;"Dydnia (2)";72;
1802042;"Haczów (2)";73;
1802052;"Jasienica Rosielna (2)";51;
1802062;"Nozdrzec (2)";41;
1803000;"Powiat dębicki";673;
1803011;"Dębica (1)";164;
1803023;"Brzostek (3)";50;
1803032;"Czarna (2)";47;
1803042;"Dębica (2)";135;
1803052;"Jodłowa (2)";40;
1803063;"Pilzno (3)";181;
1803072;"Żyraków (2)";56;
1804000;"Powiat jarosławski";591;
1804011;"Jarosław (1)";96;
1804021;"Radymno (1)";9;
1804032;"Chłopice (2)";24;
1804042;"Jarosław (2)";88;
1804052;"Laszki (2)";37;
1804062;"Pawłosiów (2)";82;
1804073;"Pruchnik (3)";47;
1804082;"Radymno (2)";66;
1804092;"Rokietnica (2)";35;
1804102;"Roźwienica (2)";36;
1804112;"Wiązownica (2)";71;
1805000;"Powiat jasielski";771;
1805011;"Jasło (1)";148;
1805022;"Brzyska (2)";42;
1805032;"Dębowiec (2)";108;
1805042;"Jasło (2)";213;
1805053;"Kołaczyce (3)";58;
1805062;"Krempna (2)";22;
1805072;"Nowy Żmigród (2)";5;
1805082;"Osiek Jasielski (2)";11;
1805092;"Skołyszyn (2)";55;
1805112;"Tarnowiec (2)";109;
1806000;"Powiat kolbuszowski";246;
1806012;"Cmolas (2)";20;
1806023;"Kolbuszowa (3)";91;
1806032;"Majdan Królewski (2)";36;
1806042;"Niwiska (2)";29;
1806052;"Raniżów (2)";29;
1806062;"Dzikowiec (2)";41;
1807000;"Powiat krośnieński";687;
1807012;"Chorkówka (2)";77;
1807023;"Dukla (3)";86;
1807033;"Iwonicz-Zdrój (3)";39;
1807043;"Jedlicze (3)";111;
1807052;"Korczyna (2)";68;
1807062;"Krościenko Wyżne (2)";25;
1807072;"Miejsce Piastowe (2)";64;
1807083;"Rymanów (3)";111;
1807092;"Wojaszówka (2)";94;
1807102;"Jaśliska (2)";12;
1808000;"Powiat leżajski";255;
1808011;"Leżajsk (1)";21;
1808022;"Grodzisko Dolne (2)";32;
1808032;"Kuryłówka (2)";23;
1808042;"Leżajsk (2)";47;
1808053;"Nowa Sarzyna (3)";132;
1809000;"Powiat lubaczowski";246;
1809011;"Lubaczów (1)";11;
1809023;"Cieszanów (3)";51;
1809032;"Horyniec-Zdrój (2)";17;
1809042;"Lubaczów (2)";44;
1809053;"Narol (3)";35;
1809063;"Oleszyce (3)";17;
1809072;"Stary Dzików (2)";23;
1809082;"Wielkie Oczy (2)";48;
1810000;"Powiat łańcucki";352;
1810011;"Łańcut (1)";44;
1810022;"Białobrzegi (2)";65;
1810032;"Czarna (2)";80;
1810042;"Łańcut (2)";76;
1810052;"Markowa (2)";54;
1810062;"Rakszawa (2)";20;
1810072;"Żołynia (2)";13;
1811000;"Powiat mielecki";607;
1811011;"Mielec (1)";242;
1811022;"Borowa (2)";24;
1811032;"Czermin (2)";39;
1811042;"Gawłuszowice (2)";20;
1811052;"Mielec (2)";68;
1811062;"Padew Narodowa (2)";36;
1811073;"Przecław (3)";37;
1811083;"Radomyśl Wielki (3)";49;
1811092;"Tuszów Narodowy (2)";24;
1811102;"Wadowice Górne (2)";68;
1812000;"Powiat niżański";259;
1812012;"Harasiuki (2)";40;
1812022;"Jarocin (2)";56;
1812032;"Jeżowe (2)";41;
1812042;"Krzeszów (2)";25;
1812053;"Nisko (3)";54;
1812063;"Rudnik nad Sanem (3)";21;
1812073;"Ulanów (3)";22;
1813000;"Powiat przemyski";430;
1813012;"Bircza (2)";75;
1813022;"Dubiecko (2)";27;
1813032;"Fredropol (2)";35;
1813042;"Krasiczyn (2)";31;
1813052;"Krzywcza (2)";31;
1813062;"Medyka (2)";35;
1813072;"Orły (2)";60;
1813082;"Przemyśl (2)";76;
1813092;"Stubno (2)";24;
1813102;"Żurawica (2)";36;
1814000;"Powiat przeworski";269;
1814011;"Przeworsk (1)";21;
1814022;"Adamówka (2)";32;
1814032;"Gać (2)";24;
1814042;"Jawornik Polski (2)";14;
1814053;"Kańczuga (3)";59;
1814062;"Przeworsk (2)";33;
1814073;"Sieniawa (3)";31;
1814082;"Tryńcza (2)";25;
1814092;"Zarzecze (2)";30;
1815000;"Powiat ropczycko-sędziszowski";244;
1815012;"Iwierzyce (2)";41;
1815022;"Ostrów (2)";35;
1815033;"Ropczyce (3)";64;
1815043;"Sędziszów Małopolski (3)";61;
1815052;"Wielopole Skrzyńskie (2)";43;
1816000;"Powiat rzeszowski";1210;
1816011;"Dynów (1)";18;
1816023;"Błażowa (3)";36;
1816033;"Boguchwała (3)";161;
1816042;"Chmielnik (2)";82;
1816052;"Dynów (2)";80;
1816063;"Głogów Małopolski (3)";205;
1816072;"Hyżne (2)";42;
1816082;"Kamień (2)";32;
1816092;"Krasne (2)";76;
1816102;"Lubenia (2)";46;
1816113;"Sokołów Małopolski (3)";98;
1816122;"Świlcza (2)";110;
1816132;"Trzebownisko (2)";168;
1816143;"Tyczyn (3)";56;
1817000;"Powiat sanocki";498;
1817011;"Sanok (1)";116;
1817022;"Besko (2)";21;
1817032;"Bukowsko (2)";58;
1817042;"Komańcza (2)";78;
1817052;"Sanok (2)";66;
1817062;"Tyrawa Wołoska (2)";43;
1817073;"Zagórz (3)";66;
1817082;"Zarszyn (2)";50;
1818000;"Powiat stalowowolski";496;
1818011;"Stalowa Wola (1)";195;
1818022;"Bojanów (2)";36;
1818032;"Pysznica (2)";99;
1818042;"Radomyśl nad Sanem (2)";65;
1818053;"Zaklików (3)";34;
1818062;"Zaleszany (2)";67;
1819000;"Powiat strzyżowski";363;
1819012;"Czudec (2)";82;
1819022;"Frysztak (2)";122;
1819032;"Niebylec (2)";41;
1819043;"Strzyżów (3)";71;
1819052;"Wiśniowa (2)";47;
1820000;"Powiat tarnobrzeski";220;
1820013;"Baranów Sandomierski (3)";79;
1820022;"Gorzyce (2)";39;
1820032;"Grębów (2)";44;
1820043;"Nowa Dęba (3)";58;
1821000;"Powiat leski";180;
1821012;"Baligród (2)";30;
1821022;"Cisna (2)";18;
1821033;"Lesko (3)";54;
1821042;"Olszanica (2)";22;
1821052;"Solina (2)";56;
1861000;"Powiat m.Krosno";258;
1861011;"Krosno (1)";258;
1862000;"Powiat m.Przemyśl";229;
1862011;"Przemyśl (1)";229;
1863000;"Powiat m.Rzeszów";638;
1863011;"Rzeszów (1)";638;
1864000;"Powiat m.Tarnobrzeg";170;
1864011;"Tarnobrzeg (1)";170;
2000000;"PODLASKIE";6720;
2001000;"Powiat augustowski";254;
2001011;"Augustów (1)";79;
2001022;"Augustów (2)";44;
2001032;"Bargłów Kościelny (2)";16;
2001043;"Lipsk (3)";42;
2001052;"Nowinka (2)";24;
2001062;"Płaska (2)";18;
2001072;"Sztabin (2)";31;
2002000;"Powiat białostocki";1340;
2002013;"Choroszcz (3)";198;
2002023;"Czarna Białostocka (3)";42;
2002032;"Dobrzyniewo Duże (2)";135;
2002042;"Gródek (2)";86;
2002052;"Juchnowiec Kościelny (2)";96;
2002063;"Łapy (3)";60;
2002073;"Michałowo (3)";138;
2002082;"Poświętne (2)";22;
2002093;"Supraśl (3)";88;
2002103;"Suraż (3)";22;
2002112;"Turośń Kościelna (2)";89;
2002123;"Tykocin (3)";42;
2002133;"Wasilków (3)";36;
2002143;"Zabłudów (3)";238;
2002152;"Zawady (2)";48;
2003000;"Powiat bielski";372;
2003011;"Bielsk Podlaski (1)";102;
2003021;"Brańsk (1)";1;
2003032;"Bielsk Podlaski (2)";35;
2003042;"Boćki (2)";40;
2003052;"Brańsk (2)";109;
2003062;"Orla (2)";10;
2003072;"Rudka (2)";9;
2003082;"Wyszki (2)";66;
2004000;"Powiat grajewski";376;
2004011;"Grajewo (1)";30;
2004022;"Grajewo (2)";106;
2004032;"Radziłów (2)";52;
2004043;"Rajgród (3)";118;
2004053;"Szczuczyn (3)";42;
2004062;"Wąsosz (2)";28;
2005000;"Powiat hajnowski";482;
2005011;"Hajnówka (1)";95;
2005022;"Białowieża (2)";31;
2005032;"Czeremcha (2)";13;
2005042;"Czyże (2)";61;
2005052;"Dubicze Cerkiewne (2)";46;
2005062;"Hajnówka (2)";85;
2005073;"Kleszczele (3)";36;
2005082;"Narew (2)";90;
2005092;"Narewka (2)";25;
2006000;"Powiat kolneński";146;
2006011;"Kolno (1)";4;
2006022;"Grabowo (2)";20;
2006032;"Kolno (2)";7;
2006042;"Mały Płock (2)";15;
2006053;"Stawiski (3)";72;
2006062;"Turośl (2)";28;
2007000;"Powiat łomżyński";393;
2007013;"Jedwabne (3)";31;
2007022;"Łomża (2)";108;
2007032;"Miastkowo (2)";30;
2007043;"Nowogród (3)";11;
2007052;"Piątnica (2)";84;
2007062;"Przytuły (2)";19;
2007072;"Śniadowo (2)";78;
2007082;"Wizna (2)";30;
2007092;"Zbójna (2)";2;
2008000;"Powiat moniecki";298;
2008013;"Goniądz (3)";46;
2008022;"Jasionówka (2)";25;
2008032;"Jaświły (2)";82;
2008043;"Knyszyn (3)";42;
2008052;"Krypno (2)";26;
2008063;"Mońki (3)";55;
2008072;"Trzcianne (2)";22;
2009000;"Powiat sejneński";97;
2009011;"Sejny (1)";6;
2009022;"Giby (2)";11;
2009032;"Krasnopol (2)";20;
2009042;"Puńsk (2)";15;
2009052;"Sejny (2)";45;
2010000;"Powiat siemiatycki";417;
2010011;"Siemiatycze (1)";58;
2010023;"Drohiczyn (3)";78;
2010032;"Dziadkowice (2)";14;
2010042;"Grodzisk (2)";19;
2010052;"Mielnik (2)";39;
2010062;"Milejczyce (2)";7;
2010072;"Nurzec-Stacja (2)";40;
2010082;"Perlejewo (2)";70;
2010092;"Siemiatycze (2)";92;
2011000;"Powiat sokólski";405;
2011013;"Dąbrowa Białostocka (3)";24;
2011022;"Janów (2)";13;
2011032;"Korycin (2)";73;
2011043;"Krynki (3)";14;
2011052;"Kuźnica (2)";26;
2011062;"Nowy Dwór (2)";24;
2011072;"Sidra (2)";34;
2011083;"Sokółka (3)";59;
2011093;"Suchowola (3)";80;
2011102;"Szudziałowo (2)";58;
2012000;"Powiat suwalski";322;
2012012;"Bakałarzewo (2)";10;
2012022;"Filipów (2)";59;
2012032;"Jeleniewo (2)";26;
2012042;"Przerośl (2)";26;
2012052;"Raczki (2)";18;
2012062;"Rutka-Tartak (2)";7;
2012072;"Suwałki (2)";117;
2012082;"Szypliszki (2)";25;
2012092;"Wiżajny (2)";34;
2013000;"Powiat wysokomazowiecki";469;
2013011;"Wysokie Mazowieckie (1)";3;
2013023;"Ciechanowiec (3)";107;
2013033;"Czyżew (3)";18;
2013042;"Klukowo (2)";36;
2013052;"Kobylin-Borzymy (2)";70;
2013062;"Kulesze Kościelne (2)";43;
2013072;"Nowe Piekuty (2)";60;
2013082;"Sokoły (2)";26;
2013093;"Szepietowo (3)";45;
2013102;"Wysokie Mazowieckie (2)";61;
2014000;"Powiat zambrowski";219;
2014011;"Zambrów (1)";22;
2014022;"Kołaki Kościelne (2)";24;
2014032;"Rutki (2)";69;
2014042;"Szumowo (2)";70;
2014052;"Zambrów (2)";34;
2061000;"Powiat m.Białystok";684;
2061011;"Białystok (1)";684;
2062000;"Powiat m.Łomża";196;
2062011;"Łomża (1)";196;
2063000;"Powiat m.Suwałki";250;
2063011;"Suwałki (1)";250;
2200000;"POMORSKIE";9750;
2201000;"Powiat bytowski";543;
2201012;"Borzytuchom (2)";37;
2201023;"Bytów (3)";43;
2201032;"Czarna Dąbrówka (2)";65;
2201042;"Kołczygłowy (2)";18;
2201052;"Lipnica (2)";31;
2201063;"Miastko (3)";150;
2201072;"Parchowo (2)";38;
2201082;"Studzienice (2)";12;
2201092;"Trzebielino (2)";68;
2201102;"Tuchomie (2)";81;
2202000;"Powiat chojnicki";550;
2202011;"Chojnice (1)";144;
2202023;"Brusy (3)";35;
2202032;"Chojnice (2)";247;
2202043;"Czersk (3)";67;
2202052;"Konarzyny (2)";57;
2203000;"Powiat człuchowski";315;
2203011;"Człuchów (1)";42;
2203023;"Czarne (3)";20;
2203032;"Człuchów (2)";73;
2203043;"Debrzno (3)";69;
2203052;"Koczała (2)";30;
2203062;"Przechlewo (2)";45;
2203072;"Rzeczenica (2)";36;
2204000;"Powiat gdański";473;
2204011;"Pruszcz Gdański (1)";78;
2204022;"Cedry Wielkie (2)";42;
2204032;"Kolbudy (2)";87;
2204042;"Pruszcz Gdański (2)";124;
2204052;"Przywidz (2)";29;
2204062;"Pszczółki (2)";45;
2204072;"Suchy Dąb (2)";22;
2204082;"Trąbki Wielkie (2)";46;
2205000;"Powiat kartuski";665;
2205012;"Chmielno (2)";56;
2205023;"Kartuzy (3)";179;
2205032;"Przodkowo (2)";17;
2205042;"Sierakowice (2)";29;
2205052;"Somonino (2)";45;
2205062;"Stężyca (2)";22;
2205072;"Sulęczyno (2)";119;
2205083;"Żukowo (3)";198;
2206000;"Powiat kościerski";246;
2206011;"Kościerzyna (1)";78;
2206022;"Dziemiany (2)";16;
2206032;"Karsin (2)";21;
2206042;"Kościerzyna (2)";20;
2206052;"Liniewo (2)";27;
2206062;"Lipusz (2)";11;
2206072;"Nowa Karczma (2)";33;
2206082;"Stara Kiszewa (2)";40;
2207000;"Powiat kwidzyński";641;
2207011;"Kwidzyn (1)";109;
2207022;"Gardeja (2)";73;
2207032;"Kwidzyn (2)";203;
2207043;"Prabuty (3)";36;
2207052;"Ryjewo (2)";116;
2207062;"Sadlinki (2)";104;
2208000;"Powiat lęborski";347;
2208011;"Lębork (1)";85;
2208021;"Łeba (1)";23;
2208032;"Cewice (2)";77;
2208042;"Nowa Wieś Lęborska (2)";123;
2208052;"Wicko (2)";39;
2209000;"Powiat malborski";288;
2209011;"Malbork (1)";58;
2209032;"Lichnowy (2)";33;
2209042;"Malbork (2)";61;
2209062;"Miłoradz (2)";33;
2209073;"Nowy Staw (3)";56;
2209082;"Stare Pole (2)";47;
2210000;"Powiat nowodworski";257;
2210011;"Krynica Morska (1)";21;
2210023;"Nowy Dwór Gdański (3)";103;
2210032;"Ostaszewo (2)";34;
2210042;"Stegna (2)";62;
2210052;"Sztutowo (2)";37;
2211000;"Powiat pucki";420;
2211011;"Hel (1)";8;
2211023;"Jastarnia (3)";21;
2211031;"Puck (1)";29;
2211043;"Władysławowo (3)";11;
2211052;"Kosakowo (2)";94;
2211062;"Krokowa (2)";153;
2211072;"Puck (2)";104;
2212000;"Powiat słupski";651;
2212011;"Ustka (1)";21;
2212022;"Damnica (2)";44;
2212032;"Dębnica Kaszubska (2)";90;
2212042;"Główczyce (2)";48;
2212053;"Kępice (3)";30;
2212062;"Kobylnica (2)";107;
2212072;"Potęgowo (2)";54;
2212082;"Słupsk (2)";124;
2212092;"Smołdzino (2)";23;
2212102;"Ustka (2)";110;
2213000;"Powiat starogardzki";517;
2213013;"Czarna Woda (3)";13;
2213021;"Skórcz (1)";8;
2213031;"Starogard Gdański (1)";146;
2213042;"Bobowo (2)";40;
2213052;"Kaliska (2)";21;
2213062;"Lubichowo (2)";38;
2213072;"Osieczna (2)";7;
2213082;"Osiek (2)";18;
2213093;"Skarszewy (3)";20;
2213102;"Skórcz (2)";18;
2213112;"Smętowo Graniczne (2)";62;
2213122;"Starogard Gdański (2)";90;
2213132;"Zblewo (2)";36;
2214000;"Powiat tczewski";511;
2214011;"Tczew (1)";150;
2214023;"Gniew (3)";95;
2214032;"Morzeszczyn (2)";15;
2214043;"Pelplin (3)";62;
2214052;"Subkowy (2)";54;
2214062;"Tczew (2)";135;
2215000;"Powiat wejherowski";938;
2215011;"Reda (1)";78;
2215021;"Rumia (1)";115;
2215031;"Wejherowo (1)";157;
2215042;"Choczewo (2)";63;
2215052;"Gniewino (2)";105;
2215062;"Linia (2)";43;
2215072;"Luzino (2)";32;
2215082;"Łęczyce (2)";19;
2215092;"Szemud (2)";195;
2215102;"Wejherowo (2)";131;
2216000;"Powiat sztumski";208;
2216013;"Dzierzgoń (3)";34;
2216022;"Mikołajki Pomorskie (2)";12;
2216032;"Stary Dzierzgoń (2)";81;
2216042;"Stary Targ (2)";23;
2216053;"Sztum (3)";58;
2261000;"Powiat m.Gdańsk";1208;
2261011;"Gdańsk (1)";1208;
2262000;"Powiat m.Gdynia";636;
2262011;"Gdynia (1)";636;
2263000;"Powiat m.Słupsk";235;
2263011;"Słupsk (1)";235;
2264000;"Powiat m.Sopot";101;
2264011;"Sopot (1)";101;
2400000;"ŚLĄSKIE";13997;
2401000;"Powiat będziński";819;
2401011;"Będzin (1)";258;
2401021;"Czeladź (1)";65;
2401031;"Wojkowice (1)";70;
2401042;"Bobrowniki (2)";108;
2401052;"Mierzęcice (2)";51;
2401062;"Psary (2)";58;
2401073;"Siewierz (3)";174;
2401081;"Sławków (1)";35;
2402000;"Powiat bielski";579;
2402011;"Szczyrk (1)";35;
2402022;"Bestwina (2)";26;
2402032;"Buczkowice (2)";22;
2402043;"Czechowice-Dziedzice (3)";171;
2402052;"Jasienica (2)";113;
2402062;"Jaworze (2)";33;
2402072;"Kozy (2)";31;
2402082;"Porąbka (2)";64;
2402093;"Wilamowice (3)";44;
2402102;"Wilkowice (2)";40;
2403000;"Powiat cieszyński";434;
2403011;"Cieszyn (1)";135;
2403021;"Ustroń (1)";11;
2403031;"Wisła (1)";50;
2403042;"Brenna (2)";19;
2403052;"Chybie (2)";13;
2403062;"Dębowiec (2)";10;
2403072;"Goleszów (2)";35;
2403082;"Hażlach (2)";55;
2403092;"Istebna (2)";20;
2403103;"Skoczów (3)";10;
2403113;"Strumień (3)";39;
2403122;"Zebrzydowice (2)";37;
2404000;"Powiat częstochowski";974;
2404013;"Blachownia (3)";91;
2404022;"Dąbrowa Zielona (2)";29;
2404032;"Janów (2)";58;
2404042;"Kamienica Polska (2)";50;
2404052;"Kłomnice (2)";63;
2404063;"Koniecpol (3)";65;
2404072;"Konopiska (2)";96;
2404082;"Kruszyna (2)";12;
2404092;"Lelów (2)";53;
2404102;"Mstów (2)";100;
2404112;"Mykanów (2)";89;
2404122;"Olsztyn (2)";45;
2404132;"Poczesna (2)";112;
2404142;"Przyrów (2)";29;
2404152;"Rędziny (2)";61;
2404162;"Starcza (2)";21;
2405000;"Powiat gliwicki";443;
2405011;"Knurów (1)";44;
2405021;"Pyskowice (1)";55;
2405032;"Gierałtowice (2)";64;
2405042;"Pilchowice (2)";57;
2405052;"Rudziniec (2)";59;
2405063;"Sośnicowice (3)";77;
2405073;"Toszek (3)";45;
2405082;"Wielowieś (2)";42;
2406000;"Powiat kłobucki";569;
2406013;"Kłobuck (3)";7;
2406023;"Krzepice (3)";33;
2406032;"Lipie (2)";39;
2406042;"Miedźno (2)";28;
2406052;"Opatów (2)";61;
2406062;"Panki (2)";68;
2406072;"Popów (2)";54;
2406082;"Przystajń (2)";75;
2406092;"Wręczyca Wielka (2)";204;
2407000;"Powiat lubliniecki";265;
2407011;"Lubliniec (1)";38;
2407022;"Boronów (2)";8;
2407032;"Ciasna (2)";27;
2407042;"Herby (2)";34;
2407052;"Kochanowice (2)";32;
2407062;"Koszęcin (2)";25;
2407072;"Pawonków (2)";20;
2407083;"Woźniki (3)";81;
2408000;"Powiat mikołowski";430;
2408011;"Łaziska Górne (1)";114;
2408021;"Mikołów (1)";158;
2408031;"Orzesze (1)";101;
2408042;"Ornontowice (2)";27;
2408052;"Wyry (2)";30;
2409000;"Powiat myszkowski";423;
2409011;"Myszków (1)";185;
2409023;"Koziegłowy (3)";104;
2409032;"Niegowa (2)";55;
2409042;"Poraj (2)";18;
2409053;"Żarki (3)";61;
2410000;"Powiat pszczyński";425;
2410012;"Goczałkowice-Zdrój (2)";11;
2410022;"Kobiór (2)";10;
2410032;"Miedźna (2)";21;
2410042;"Pawłowice (2)";143;
2410053;"Pszczyna (3)";190;
2410062;"Suszec (2)";50;
2411000;"Powiat raciborski";415;
2411011;"Racibórz (1)";191;
2411022;"Kornowac (2)";26;
2411033;"Krzanowice (3)";13;
2411042;"Krzyżanowice (2)";57;
2411053;"Kuźnia Raciborska (3)";29;
2411062;"Nędza (2)";32;
2411072;"Pietrowice Wielkie (2)";34;
2411082;"Rudnik (2)";33;
2412000;"Powiat rybnicki";209;
2412013;"Czerwionka-Leszczyny (3)";98;
2412022;"Gaszowice (2)";24;
2412032;"Jejkowice (2)";6;
2412042;"Lyski (2)";24;
2412052;"Świerklany (2)";57;
2413000;"Powiat tarnogórski";404;
2413011;"Kalety (1)";15;
2413021;"Miasteczko Śląskie (1)";33;
2413031;"Radzionków (1)";26;
2413041;"Tarnowskie Góry (1)";123;
2413052;"Krupski Młyn (2)";13;
2413062;"Ożarowice (2)";47;
2413072;"Świerklaniec (2)";22;
2413082;"Tworóg (2)";40;
2413092;"Zbrosławice (2)";85;
2414000;"Powiat bieruńsko-lędziński";252;
2414011;"Bieruń (1)";92;
2414021;"Imielin (1)";34;
2414031;"Lędziny (1)";40;
2414042;"Bojszowy (2)";56;
2414052;"Chełm Śląski (2)";30;
2415000;"Powiat wodzisławski";273;
2415011;"Pszów (1)";6;
2415021;"Radlin (1)";39;
2415031;"Rydułtowy (1)";47;
2415041;"Wodzisław Śląski (1)";105;
2415052;"Godów (2)";31;
2415062;"Gorzyce (2)";14;
2415072;"Lubomia (2)";5;
2415082;"Marklowice (2)";24;
2415092;"Mszana (2)";2;
2416000;"Powiat zawierciański";615;
2416011;"Poręba (1)";31;
2416021;"Zawiercie (1)";208;
2416032;"Irządze (2)";34;
2416042;"Kroczyce (2)";42;
2416053;"Łazy (3)";81;
2416063;"Ogrodzieniec (3)";40;
2416073;"Pilica (3)";51;
2416083;"Szczekociny (3)";52;
2416092;"Włodowice (2)";35;
2416102;"Żarnowiec (2)";41;
2417000;"Powiat żywiecki";651;
2417011;"Żywiec (1)";170;
2417022;"Czernichów (2)";26;
2417032;"Gilowice (2)";13;
2417042;"Jeleśnia (2)";42;
2417052;"Koszarawa (2)";14;
2417062;"Lipowa (2)";30;
2417072;"Łękawica (2)";42;
2417082;"Łodygowice (2)";54;
2417092;"Milówka (2)";39;
2417102;"Radziechowy-Wieprz (2)";71;
2417112;"Rajcza (2)";31;
2417122;"Ślemień (2)";19;
2417132;"Świnna (2)";33;
2417142;"Ujsoły (2)";35;
2417152;"Węgierska Górka (2)";32;
2461000;"Powiat m.Bielsko-Biała";433;
2461011;"Bielsko-Biała (1)";433;
2462000;"Powiat m.Bytom";297;
2462011;"Bytom (1)";297;
2463000;"Powiat m.Chorzów";184;
2463011;"Chorzów (1)";184;
2464000;"Powiat m.Częstochowa";814;
2464011;"Częstochowa (1)";814;
2465000;"Powiat m.Dąbrowa Górnicza";213;
2465011;"Dąbrowa Górnicza (1)";213;
2466000;"Powiat m.Gliwice";397;
2466011;"Gliwice (1)";397;
2467000;"Powiat m.Jastrzębie-Zdrój";201;
2467011;"Jastrzębie-Zdrój (1)";201;
2468000;"Powiat m.Jaworzno";406;
2468011;"Jaworzno (1)";406;
2469000;"Powiat m.Katowice";725;
2469011;"Katowice (1)";725;
2470000;"Powiat m.Mysłowice";229;
2470011;"Mysłowice (1)";229;
2471000;"Powiat m.Piekary Śląskie";108;
2471011;"Piekary Śląskie (1)";108;
2472000;"Powiat m.Ruda Śląska";270;
2472011;"Ruda Śląska (1)";270;
2473000;"Powiat m.Rybnik";368;
2473011;"Rybnik (1)";368;
2474000;"Powiat m.Siemianowice Śląskie";136;
2474011;"Siemianowice Śląskie (1)";136;
2475000;"Powiat m.Sosnowiec";154;
2475011;"Sosnowiec (1)";154;
2476000;"Powiat m.Świętochłowice";82;
2476011;"Świętochłowice (1)";82;
2477000;"Powiat m.Tychy";400;
2477011;"Tychy (1)";400;
2478000;"Powiat m.Zabrze";220;
2478011;"Zabrze (1)";220;
2479000;"Powiat m.Żory";180;
2479011;"Żory (1)";180;
2600000;"ŚWIĘTOKRZYSKIE";12835;
2601000;"Powiat buski";1053;
2601013;"Busko-Zdrój (3)";270;
2601022;"Gnojno (2)";154;
2601033;"Nowy Korczyn (3)";133;
2601043;"Pacanów (3)";148;
2601052;"Solec-Zdrój (2)";101;
2601063;"Stopnica (3)";115;
2601072;"Tuczępy (2)";31;
2601083;"Wiślica (3)";101;
2602000;"Powiat jędrzejowski";1160;
2602012;"Imielno (2)";98;
2602023;"Jędrzejów (3)";286;
2602033;"Małogoszcz (3)";117;
2602042;"Nagłowice (2)";73;
2602052;"Oksa (2)";70;
2602063;"Sędziszów (3)";181;
2602072;"Słupia (2)";46;
2602082;"Sobków (2)";117;
2602092;"Wodzisław (2)";172;
2603000;"Powiat kazimierski";538;
2603012;"Bejsce (2)";60;
2603022;"Czarnocin (2)";129;
2603033;"Kazimierza Wielka (3)";207;
2603043;"Opatowiec (3)";60;
2603053;"Skalbmierz (3)";82;
2604000;"Powiat kielecki";2578;
2604012;"Bieliny (2)";91;
2604023;"Bodzentyn (3)";157;
2604033;"Chęciny (3)";174;
2604043;"Chmielnik (3)";134;
2604053;"Daleszyce (3)";237;
2604062;"Górno (2)";186;
2604073;"Łagów (3)";130;
2604082;"Łopuszno (2)";182;
2604092;"Masłów (2)";140;
2604102;"Miedziana Góra (2)";96;
2604112;"Mniów (2)";131;
2604123;"Morawica (3)";176;
2604133;"Nowa Słupia (3)";73;
2604142;"Piekoszów (2)";197;
2604153;"Pierzchnica (3)";75;
2604162;"Raków (2)";80;
2604172;"Nowiny (2)";59;
2604182;"Strawczyn (2)";99;
2604192;"Zagnańsk (2)";161;
2605000;"Powiat konecki";806;
2605012;"Fałków (2)";48;
2605022;"Gowarczów (2)";47;
2605033;"Końskie (3)";257;
2605043;"Radoszyce (3)";104;
2605052;"Ruda Maleniecka (2)";50;
2605062;"Słupia Konecka (2)";44;
2605072;"Smyków (2)";53;
2605083;"Stąporków (3)";203;
2606000;"Powiat opatowski";963;
2606012;"Baćkowice (2)";44;
2606022;"Iwaniska (2)";130;
2606032;"Lipnik (2)";96;
2606043;"Opatów (3)";145;
2606053;"Ożarów (3)";175;
2606062;"Sadowie (2)";116;
2606072;"Tarłów (2)";119;
2606082;"Wojciechowice (2)";138;
2607000;"Powiat ostrowiecki";921;
2607011;"Ostrowiec Świętokrzyski (1)";299;
2607022;"Bałtów (2)";73;
2607032;"Bodzechów (2)";180;
2607043;"Ćmielów (3)";114;
2607053;"Kunów (3)";110;
2607062;"Waśniów (2)";145;
2608000;"Powiat pińczowski";556;
2608013;"Działoszyce (3)";79;
2608022;"Kije (2)";50;
2608032;"Michałów (2)";115;
2608043;"Pińczów (3)";243;
2608052;"Złota (2)";69;
2609000;"Powiat sandomierski";789;
2609011;"Sandomierz (1)";94;
2609022;"Dwikozy (2)";64;
2609033;"Klimontów (3)";134;
2609043;"Koprzywnica (3)";79;
2609052;"Łoniów (2)";96;
2609062;"Obrazów (2)";63;
2609072;"Samborzec (2)";126;
2609082;"Wilczyce (2)";38;
2609093;"Zawichost (3)";95;
2610000;"Powiat skarżyski";472;
2610011;"Skarżysko-Kamienna (1)";243;
2610022;"Bliżyn (2)";79;
2610032;"Łączna (2)";20;
2610042;"Skarżysko Kościelne (2)";66;
2610053;"Suchedniów (3)";64;
2611000;"Powiat starachowicki";790;
2611011;"Starachowice (1)";227;
2611022;"Brody (2)";136;
2611032;"Mirzec (2)";122;
2611042;"Pawłów (2)";232;
2611053;"Wąchock (3)";73;
2612000;"Powiat staszowski";971;
2612012;"Bogoria (2)";129;
2612022;"Łubnice (2)";91;
2612033;"Oleśnica (3)";75;
2612043;"Osiek (3)";129;
2612053;"Połaniec (3)";93;
2612062;"Rytwiany (2)";133;
2612073;"Staszów (3)";252;
2612083;"Szydłów (3)";69;
2613000;"Powiat włoszczowski";651;
2613012;"Kluczewsko (2)";68;
2613022;"Krasocin (2)";145;
2613032;"Moskorzew (2)";33;
2613042;"Radków (2)";67;
2613052;"Secemin (2)";92;
2613063;"Włoszczowa (3)";246;
2661000;"Powiat m.Kielce";587;
2661011;"Kielce (1)";587;
2800000;"WARMIŃSKO-MAZURSKIE";6055;
2801000;"Powiat bartoszycki";279;
2801011;"Bartoszyce (1)";67;
2801021;"Górowo Iławeckie (1)";8;
2801032;"Bartoszyce (2)";109;
2801043;"Bisztynek (3)";35;
2801052;"Górowo Iławeckie (2)";9;
2801063;"Sępopol (3)";51;
2802000;"Powiat braniewski";194;
2802011;"Braniewo (1)";26;
2802022;"Braniewo (2)";50;
2802033;"Frombork (3)";30;
2802042;"Lelkowo (2)";25;
2802053;"Pieniężno (3)";20;
2802062;"Płoskinia (2)";20;
2802072;"Wilczęta (2)";23;
2803000;"Powiat działdowski";304;
2803011;"Działdowo (1)";76;
2803022;"Działdowo (2)";48;
2803032;"Iłowo-Osada (2)";34;
2803043;"Lidzbark (3)";44;
2803052;"Płośnica (2)";44;
2803062;"Rybno (2)";58;
2804000;"Powiat elbląski";435;
2804012;"Elbląg (2)";62;
2804022;"Godkowo (2)";39;
2804032;"Gronowo Elbląskie (2)";25;
2804042;"Markusy (2)";59;
2804052;"Milejewo (2)";19;
2804063;"Młynary (3)";44;
2804073;"Pasłęk (3)";81;
2804082;"Rychliki (2)";39;
2804093;"Tolkmicko (3)";67;
2805000;"Powiat ełcki";373;
2805011;"Ełk (1)";124;
2805022;"Ełk (2)";133;
2805032;"Kalinowo (2)";48;
2805042;"Prostki (2)";30;
2805052;"Stare Juchy (2)";38;
2806000;"Powiat giżycki";226;
2806011;"Giżycko (1)";46;
2806042;"Giżycko (2)";89;
2806052;"Kruklanki (2)";17;
2806062;"Miłki (2)";23;
2806083;"Ryn (3)";16;
2806102;"Wydminy (2)";35;
2807000;"Powiat iławski";385;
2807011;"Iława (1)";70;
2807021;"Lubawa (1)";3;
2807032;"Iława (2)";70;
2807043;"Kisielice (3)";49;
2807052;"Lubawa (2)";25;
2807063;"Susz (3)";134;
2807073;"Zalewo (3)";34;
2808000;"Powiat kętrzyński";248;
2808011;"Kętrzyn (1)";51;
2808022;"Barciany (2)";52;
2808032;"Kętrzyn (2)";10;
2808043;"Korsze (3)";39;
2808053;"Reszel (3)";69;
2808062;"Srokowo (2)";27;
2809000;"Powiat lidzbarski";265;
2809011;"Lidzbark Warmiński (1)";7;
2809022;"Kiwity (2)";44;
2809032;"Lidzbark Warmiński (2)";129;
2809042;"Lubomino (2)";10;
2809053;"Orneta (3)";75;
2810000;"Powiat mrągowski";195;
2810011;"Mrągowo (1)";78;
2810023;"Mikołajki (3)";49;
2810032;"Mrągowo (2)";3;
2810042;"Piecki (2)";44;
2810052;"Sorkwity (2)";21;
2811000;"Powiat nidzicki";147;
2811012;"Janowiec Kościelny (2)";61;
2811022;"Janowo (2)";20;
2811032;"Kozłowo (2)";41;
2811043;"Nidzica (3)";25;
2812000;"Powiat nowomiejski";157;
2812011;"Nowe Miasto Lubawskie (1)";13;
2812022;"Biskupiec (2)";42;
2812032;"Grodziczno (2)";18;
2812042;"Kurzętnik (2)";63;
2812052;"Nowe Miasto Lubawskie (2)";21;
2813000;"Powiat olecki";161;
2813032;"Kowale Oleckie (2)";51;
2813043;"Olecko (3)";66;
2813052;"Świętajno (2)";21;
2813062;"Wieliczki (2)";23;
2814000;"Powiat olsztyński";781;
2814013;"Barczewo (3)";34;
2814023;"Biskupiec (3)";26;
2814033;"Dobre Miasto (3)";58;
2814042;"Dywity (2)";121;
2814052;"Gietrzwałd (2)";73;
2814063;"Jeziorany (3)";59;
2814072;"Jonkowo (2)";78;
2814082;"Kolno (2)";20;
2814093;"Olsztynek (3)";77;
2814102;"Purda (2)";143;
2814112;"Stawiguda (2)";61;
2814122;"Świątki (2)";31;
2815000;"Powiat ostródzki";383;
2815011;"Ostróda (1)";83;
2815022;"Dąbrówno (2)";25;
2815032;"Grunwald (2)";22;
2815042;"Łukta (2)";24;
2815052;"Małdyty (2)";71;
2815063;"Miłakowo (3)";44;
2815073;"Miłomłyn (3)";12;
2815083;"Morąg (3)";87;
2815092;"Ostróda (2)";15;
2816000;"Powiat piski";110;
2816013;"Biała Piska (3)";18;
2816023;"Orzysz (3)";21;
2816033;"Pisz (3)";57;
2816043;"Ruciane-Nida (3)";14;
2817000;"Powiat szczycieński";269;
2817011;"Szczytno (1)";72;
2817022;"Dźwierzuty (2)";32;
2817032;"Jedwabno (2)";27;
2817043;"Pasym (3)";32;
2817052;"Rozogi (2)";21;
2817062;"Szczytno (2)";29;
2817072;"Świętajno (2)";22;
2817083;"Wielbark (3)";34;
2818000;"Powiat gołdapski";198;
2818012;"Banie Mazurskie (2)";97;
2818022;"Dubeninki (2)";19;
2818033;"Gołdap (3)";82;
2819000;"Powiat węgorzewski";128;
2819012;"Budry (2)";43;
2819022;"Pozezdrze (2)";9;
2819033;"Węgorzewo (3)";76;
2861000;"Powiat m.Elbląg";383;
2861011;"Elbląg (1)";383;
2862000;"Powiat m.Olsztyn";434;
2862011;"Olsztyn (1)";434;
3000000;"WIELKOPOLSKIE";15875;
3001000;"Powiat chodzieski";288;
3001011;"Chodzież (1)";76;
3001022;"Budzyń (2)";45;
3001032;"Chodzież (2)";83;
3001043;"Margonin (3)";33;
3001053;"Szamocin (3)";51;
3002000;"Powiat czarnkowsko-trzcianecki";390;
3002011;"Czarnków (1)";26;
3002022;"Czarnków (2)";118;
3002032;"Drawsko (2)";11;
3002043;"Krzyż Wielkopolski (3)";12;
3002052;"Lubasz (2)";59;
3002062;"Połajewo (2)";11;
3002073;"Trzcianka (3)";107;
3002083;"Wieleń (3)";46;
3003000;"Powiat gnieźnieński";822;
3003011;"Gniezno (1)";243;
3003023;"Czerniejewo (3)";59;
3003032;"Gniezno (2)";152;
3003042;"Kiszkowo (2)";41;
3003053;"Kłecko (3)";63;
3003062;"Łubowo (2)";46;
3003072;"Mieleszyn (2)";27;
3003082;"Niechanowo (2)";56;
3003093;"Trzemeszno (3)";79;
3003103;"Witkowo (3)";56;
3004000;"Powiat gostyński";299;
3004013;"Borek Wielkopolski (3)";33;
3004023;"Gostyń (3)";108;
3004033;"Krobia (3)";56;
3004042;"Pępowo (2)";21;
3004052;"Piaski (2)";41;
3004063;"Pogorzela (3)";18;
3004073;"Poniec (3)";22;
3005000;"Powiat grodziski";110;
3005012;"Granowo (2)";8;
3005023;"Grodzisk Wielkopolski (3)";5;
3005032;"Kamieniec (2)";19;
3005043;"Rakoniewice (3)";51;
3005053;"Wielichowo (3)";27;
3006000;"Powiat jarociński";445;
3006013;"Jaraczewo (3)";66;
3006023;"Jarocin (3)";265;
3006032;"Kotlin (2)";30;
3006043;"Żerków (3)";84;
3007000;"Powiat kaliski";657;
3007012;"Blizanów (2)";83;
3007022;"Brzeziny (2)";42;
3007032;"Ceków-Kolonia (2)";20;
3007042;"Godziesze Wielkie (2)";66;
3007052;"Koźminek (2)";38;
3007062;"Lisków (2)";53;
3007072;"Mycielin (2)";30;
3007083;"Opatówek (3)";18;
3007093;"Stawiszyn (3)";14;
3007102;"Szczytniki (2)";29;
3007112;"Żelazków (2)";264;
3008000;"Powiat kępiński";247;
3008012;"Baranów (2)";36;
3008022;"Bralin (2)";30;
3008033;"Kępno (3)";57;
3008042;"Łęka Opatowska (2)";34;
3008052;"Perzów (2)";22;
3008062;"Rychtal (2)";19;
3008072;"Trzcinica (2)";49;
3009000;"Powiat kolski";714;
3009011;"Koło (1)";39;
3009022;"Babiak (2)";71;
3009032;"Chodów (2)";12;
3009043;"Dąbie (3)";104;
3009052;"Grzegorzew (2)";113;
3009063;"Kłodawa (3)";51;
3009072;"Koło (2)";87;
3009082;"Kościelec (2)";25;
3009092;"Olszówka (2)";73;
3009102;"Osiek Mały (2)";116;
3009113;"Przedecz (3)";23;
3010000;"Powiat koniński";1057;
3010013;"Golina (3)";45;
3010022;"Grodziec (2)";82;
3010032;"Kazimierz Biskupi (2)";111;
3010043;"Kleczew (3)";82;
3010052;"Kramsk (2)";138;
3010062;"Krzymów (2)";74;
3010073;"Rychwał (3)";124;
3010082;"Rzgów (2)";46;
3010092;"Skulsk (2)";15;
3010103;"Sompolno (3)";50;
3010112;"Stare Miasto (2)";65;
3010123;"Ślesin (3)";185;
3010132;"Wierzbinek (2)";14;
3010142;"Wilczyn (2)";26;
3011000;"Powiat kościański";205;
3011011;"Kościan (1)";9;
3011023;"Czempiń (3)";9;
3011032;"Kościan (2)";65;
3011043;"Krzywiń (3)";27;
3011053;"Śmigiel (3)";95;
3012000;"Powiat krotoszyński";396;
3012011;"Sulmierzyce (1)";7;
3012023;"Kobylin (3)";22;
3012033;"Koźmin Wielkopolski (3)";74;
3012043;"Krotoszyn (3)";167;
3012052;"Rozdrażew (2)";79;
3012063;"Zduny (3)";47;
3013000;"Powiat leszczyński";172;
3013012;"Krzemieniewo (2)";37;
3013022;"Lipno (2)";22;
3013033;"Osieczna (3)";38;
3013043;"Rydzyna (3)";15;
3013052;"Święciechowa (2)";26;
3013062;"Wijewo (2)";14;
3013072;"Włoszakowice (2)";20;
3014000;"Powiat międzychodzki";174;
3014012;"Chrzypsko Wielkie (2)";36;
3014022;"Kwilcz (2)";37;
3014033;"Międzychód (3)";69;
3014043;"Sieraków (3)";32;
3015000;"Powiat nowotomyski";150;
3015012;"Kuślin (2)";18;
3015023;"Lwówek (3)";21;
3015032;"Miedzichowo (2)";21;
3015043;"Nowy Tomyśl (3)";39;
3015053;"Opalenica (3)";32;
3015063;"Zbąszyń (3)";19;
3016000;"Powiat obornicki";272;
3016013;"Oborniki (3)";205;
3016023;"Rogoźno (3)";25;
3016032;"Ryczywół (2)";42;
3017000;"Powiat ostrowski";790;
3017011;"Ostrów Wielkopolski (1)";341;
3017023;"Nowe Skalmierzyce (3)";41;
3017033;"Odolanów (3)";76;
3017042;"Ostrów Wielkopolski (2)";141;
3017052;"Przygodzice (2)";118;
3017063;"Raszków (3)";11;
3017072;"Sieroszewice (2)";44;
3017082;"Sośnie (2)";18;
3018000;"Powiat ostrzeszowski";252;
3018012;"Czajków (2)";20;
3018022;"Doruchów (2)";35;
3018033;"Grabów nad Prosną (3)";54;
3018042;"Kobyla Góra (2)";41;
3018052;"Kraszewice (2)";34;
3018063;"Mikstat (3)";18;
3018073;"Ostrzeszów (3)";50;
3019000;"Powiat pilski";508;
3019011;"Piła (1)";252;
3019022;"Białośliwie (2)";9;
3019032;"Kaczory (2)";38;
3019043;"Łobżenica (3)";35;
3019052;"Miasteczko Krajeńskie (2)";24;
3019062;"Szydłowo (2)";63;
3019073;"Ujście (3)";18;
3019083;"Wyrzysk (3)";40;
3019093;"Wysoka (3)";29;
3020000;"Powiat pleszewski";326;
3020013;"Chocz (3)";27;
3020022;"Czermin (2)";46;
3020033;"Dobrzyca (3)";60;
3020042;"Gizałki (2)";63;
3020052;"Gołuchów (2)";43;
3020063;"Pleszew (3)";87;
3021000;"Powiat poznański";1960;
3021011;"Luboń (1)";93;
3021021;"Puszczykowo (1)";30;
3021033;"Buk (3)";35;
3021042;"Czerwonak (2)";142;
3021052;"Dopiewo (2)";95;
3021062;"Kleszczewo (2)";102;
3021072;"Komorniki (2)";143;
3021083;"Kostrzyn (3)";100;
3021093;"Kórnik (3)";213;
3021103;"Mosina (3)";123;
3021113;"Murowana Goślina (3)";91;
3021123;"Pobiedziska (3)";132;
3021132;"Rokietnica (2)";108;
3021143;"Stęszew (3)";49;
3021152;"Suchy Las (2)";95;
3021163;"Swarzędz (3)";195;
3021172;"Tarnowo Podgórne (2)";214;
3022000;"Powiat rawicki";276;
3022013;"Bojanowo (3)";34;
3022023;"Jutrosin (3)";17;
3022033;"Miejska Górka (3)";28;
3022042;"Pakosław (2)";59;
3022053;"Rawicz (3)";138;
3023000;"Powiat słupecki";331;
3023011;"Słupca (1)";9;
3023022;"Lądek (2)";31;
3023032;"Orchowo (2)";15;
3023042;"Ostrowite (2)";18;
3023052;"Powidz (2)";17;
3023062;"Słupca (2)";120;
3023072;"Strzałkowo (2)";43;
3023083;"Zagórów (3)";78;
3024000;"Powiat szamotulski";368;
3024011;"Obrzycko (1)";1;
3024022;"Duszniki (2)";98;
3024032;"Kaźmierz (2)";52;
3024042;"Obrzycko (2)";27;
3024053;"Ostroróg (3)";29;
3024063;"Pniewy (3)";75;
3024073;"Szamotuły (3)";32;
3024083;"Wronki (3)";54;
3025000;"Powiat średzki";374;
3025012;"Dominowo (2)";46;
3025022;"Krzykosy (2)";40;
3025032;"Nowe Miasto nad Wartą (2)";30;
3025043;"Środa Wielkopolska (3)";203;
3025052;"Zaniemyśl (2)";55;
3026000;"Powiat śremski";239;
3026012;"Brodnica (2)";22;
3026023;"Dolsk (3)";40;
3026033;"Książ Wielkopolski (3)";23;
3026043;"Śrem (3)";154;
3027000;"Powiat turecki";505;
3027011;"Turek (1)";35;
3027022;"Brudzew (2)";91;
3027033;"Dobra (3)";50;
3027042;"Kawęczyn (2)";42;
3027052;"Malanów (2)";59;
3027062;"Przykona (2)";24;
3027073;"Tuliszków (3)";93;
3027082;"Turek (2)";56;
3027092;"Władysławów (2)";55;
3028000;"Powiat wągrowiecki";553;
3028011;"Wągrowiec (1)";130;
3028022;"Damasławek (2)";51;
3028033;"Gołańcz (3)";48;
3028042;"Mieścisko (2)";69;
3028053;"Skoki (3)";25;
3028062;"Wapno (2)";20;
3028072;"Wągrowiec (2)";210;
3029000;"Powiat wolsztyński";159;
3029012;"Przemęt (2)";49;
3029022;"Siedlec (2)";46;
3029033;"Wolsztyn (3)";64;
3030000;"Powiat wrzesiński";349;
3030012;"Kołaczkowo (2)";37;
3030023;"Miłosław (3)";52;
3030033;"Nekla (3)";17;
3030043;"Pyzdry (3)";25;
3030053;"Września (3)";218;
3031000;"Powiat złotowski";322;
3031011;"Złotów (1)";16;
3031023;"Jastrowie (3)";40;
3031033;"Krajenka (3)";25;
3031042;"Lipka (2)";59;
3031053;"Okonek (3)";51;
3031062;"Tarnówka (2)";19;
3031072;"Zakrzewo (2)";30;
3031082;"Złotów (2)";82;
3061000;"Powiat m.Kalisz";347;
3061011;"Kalisz (1)";347;
3062000;"Powiat m.Konin";249;
3062011;"Konin (1)";249;
3063000;"Powiat m.Leszno";191;
3063011;"Leszno (1)";191;
3064000;"Powiat m.Poznań";1378;
3064011;"Poznań (1)";1378;
3200000;"ZACHODNIOPOMORSKIE";6942;
3201000;"Powiat białogardzki";243;
3201011;"Białogard (1)";71;
3201022;"Białogard (2)";82;
3201033;"Karlino (3)";50;
3201043;"Tychowo (3)";40;
3202000;"Powiat choszczeński";112;
3202012;"Bierzwnik (2)";22;
3202023;"Choszczno (3)";8;
3202033;"Drawno (3)";24;
3202042;"Krzęcin (2)";6;
3202053;"Pełczyce (3)";26;
3202063;"Recz (3)";26;
3203000;"Powiat drawski";256;
3203013;"Czaplinek (3)";85;
3203023;"Drawsko Pomorskie (3)";80;
3203033;"Kalisz Pomorski (3)";39;
3203052;"Wierzchowo (2)";24;
3203063;"Złocieniec (3)";28;
3204000;"Powiat goleniowski";441;
3204023;"Goleniów (3)";215;
3204033;"Maszewo (3)";74;
3204043;"Nowogard (3)";68;
3204052;"Osina (2)";21;
3204062;"Przybiernów (2)";26;
3204073;"Stepnica (3)";37;
3205000;"Powiat gryficki";199;
3205012;"Brojce (2)";64;
3205023;"Gryfice (3)";31;
3205032;"Karnice (2)";39;
3205043;"Płoty (3)";39;
3205072;"Rewal (2)";12;
3205083;"Trzebiatów (3)";14;
3206000;"Powiat gryfiński";466;
3206012;"Banie (2)";27;
3206023;"Cedynia (3)";27;
3206033;"Chojna (3)";51;
3206043;"Gryfino (3)";173;
3206053;"Mieszkowice (3)";40;
3206063;"Moryń (3)";15;
3206072;"Stare Czarnowo (2)";42;
3206083;"Trzcińsko-Zdrój (3)";27;
3206092;"Widuchowa (2)";64;
3207000;"Powiat kamieński";181;
3207013;"Dziwnów (3)";20;
3207023;"Golczewo (3)";27;
3207033;"Kamień Pomorski (3)";60;
3207043;"Międzyzdroje (3)";33;
3207052;"Świerzno (2)";14;
3207063;"Wolin (3)";27;
3208000;"Powiat kołobrzeski";433;
3208011;"Kołobrzeg (1)";150;
3208022;"Dygowo (2)";45;
3208033;"Gościno (3)";60;
3208042;"Kołobrzeg (2)";87;
3208052;"Rymań (2)";37;
3208062;"Siemyśl (2)";18;
3208072;"Ustronie Morskie (2)";36;
3209000;"Powiat koszaliński";416;
3209012;"Będzino (2)";64;
3209022;"Biesiekierz (2)";57;
3209033;"Bobolice (3)";47;
3209042;"Manowo (2)";34;
3209053;"Mielno (3)";47;
3209063;"Polanów (3)";44;
3209073;"Sianów (3)";67;
3209082;"Świeszyno (2)";56;
3210000;"Powiat myśliborski";148;
3210013;"Barlinek (3)";26;
3210022;"Boleszkowice (2)";14;
3210033;"Dębno (3)";47;
3210043;"Myślibórz (3)";56;
3210052;"Nowogródek Pomorski (2)";5;
3211000;"Powiat policki";332;
3211012;"Dobra (Szczecińska) (2)";104;
3211022;"Kołbaskowo (2)";75;
3211033;"Nowe Warpno (3)";11;
3211043;"Police (3)";142;
3212000;"Powiat pyrzycki";161;
3212012;"Bielice (2)";18;
3212022;"Kozielice (2)";14;
3212033;"Lipiany (3)";16;
3212042;"Przelewice (2)";29;
3212053;"Pyrzyce (3)";56;
3212062;"Warnice (2)";28;
3213000;"Powiat sławieński";288;
3213011;"Darłowo (1)";24;
3213021;"Sławno (1)";21;
3213032;"Darłowo (2)";91;
3213042;"Malechowo (2)";48;
3213052;"Postomino (2)";92;
3213062;"Sławno (2)";12;
3214000;"Powiat stargardzki";602;
3214011;"Stargard (1)";224;
3214023;"Chociwel (3)";22;
3214033;"Dobrzany (3)";47;
3214042;"Dolice (2)";25;
3214053;"Ińsko (3)";18;
3214062;"Kobylanka (2)";41;
3214082;"Marianowo (2)";14;
3214092;"Stara Dąbrowa (2)";49;
3214102;"Stargard (2)";134;
3214113;"Suchań (3)";28;
3215000;"Powiat szczecinecki";329;
3215011;"Szczecinek (1)";125;
3215023;"Barwice (3)";69;
3215033;"Biały Bór (3)";41;
3215043;"Borne Sulinowo (3)";53;
3215052;"Grzmiąca (2)";22;
3215062;"Szczecinek (2)";19;
3216000;"Powiat świdwiński";165;
3216011;"Świdwin (1)";7;
3216022;"Brzeżno (2)";10;
3216033;"Połczyn-Zdrój (3)";68;
3216042;"Rąbino (2)";22;
3216052;"Sławoborze (2)";23;
3216062;"Świdwin (2)";35;
3217000;"Powiat wałecki";274;
3217011;"Wałcz (1)";100;
3217023;"Człopa (3)";30;
3217033;"Mirosławiec (3)";32;
3217043;"Tuczno (3)";16;
3217052;"Wałcz (2)";96;
3218000;"Powiat łobeski";173;
3218013;"Dobra (3)";17;
3218023;"Łobez (3)";61;
3218032;"Radowo Małe (2)";27;
3218043;"Resko (3)";36;
3218053;"Węgorzyno (3)";32;
3261000;"Powiat m.Koszalin";323;
3261011;"Koszalin (1)";323;
3262000;"Powiat m.Szczecin";1238;
3262011;"Szczecin (1)";1238;
3263000;"Powiat m.Świnoujście";162;
3263011;"Świnoujście (1)";162;
