"Kod";"Nazwa";"ścieżki rowerowe na 10 tys. km2;2020;[km]";"ścieżki rowerowe na 10 tys. ludności;2020;[km]";
0000000;"POLSKA";551,8;4,51;
0200000;"DOLNOŚLĄSKIE";561,1;3,87;
0201000;"Powiat bolesławiecki";437,3;6,35;
0201011;"Bolesławiec (1)";15740,3;9,64;
0201022;"Bolesławiec (2)";395,2;7,67;
0201062;"Warta Bolesławiecka (2)";769,6;9,91;
0202000;"Powiat dzierżoniowski";1222,5;5,85;
0202011;"Bielawa (1)";5136,7;6,30;
0202021;"Dzierżoniów (1)";11808,7;7,21;
0202033;"Pieszyce (3)";1069,0;7,30;
0202041;"Piława Górna (1)";382,2;1,26;
0202052;"Dzierżoniów (2)";35,4;0,55;
0202062;"Łagiewniki (2)";360,7;6,05;
0202073;"Niemcza (3)";501,0;6,65;
0203000;"Powiat głogowski";550,5;2,76;
0203011;"Głogów (1)";6835,7;3,63;
0203022;"Głogów (2)";47,2;0,58;
0204000;"Powiat górowski";63,7;1,36;
0204013;"Góra (3)";150,3;2,03;
0204022;"Jemielno (2)";56,4;2,36;
0205000;"Powiat jaworski";180,6;2,11;
0205011;"Jawor (1)";5585,1;4,67;
0206000;"Powiat karkonoski";110,0;1,09;
0206092;"Stara Kamienica (2)";624,4;13,14;
0207000;"Powiat kamiennogórski";207,2;1,91;
0207011;"Kamienna Góra (1)";4545,5;4,41;
0208000;"Powiat kłodzki";192,3;2,02;
0208021;"Kłodzko (1)";1610,3;1,51;
0208031;"Kudowa-Zdrój (1)";944,0;3,27;
0208041;"Nowa Ruda (1)";1916,3;3,28;
0208051;"Polanica-Zdrój (1)";754,9;2,09;
0208083;"Lądek-Zdrój (3)";213,2;3,08;
0208092;"Lewin Kłodzki (2)";172,6;4,69;
0208112;"Nowa Ruda (2)";222,0;2,71;
0208123;"Radków (3)";414,4;6,47;
0208133;"Stronie Śląskie (3)";253,3;4,97;
0209000;"Powiat legnicki";67,2;0,91;
0209042;"Kunice (2)";302,2;3,91;
0209052;"Legnickie Pole (2)";105,6;1,74;
0209062;"Miłkowice (2)";11,5;0,15;
0209073;"Prochowice (3)";117,1;1,63;
0211000;"Powiat lubiński";626,7;4,21;
0211011;"Lubin (1)";9124,4;5,19;
0211022;"Lubin (2)";165,6;2,91;
0211032;"Rudna (2)";36,9;1,03;
0211043;"Ścinawa (3)";109,5;1,82;
0212000;"Powiat lwówecki";114,1;1,78;
0212013;"Gryfów Śląski (3)";75,0;0,52;
0212023;"Lubomierz (3)";237,5;5,02;
0212033;"Lwówek Śląski (3)";187,6;2,62;
0213000;"Powiat milicki";134,3;2,61;
0213033;"Milicz (3)";220,4;3,99;
0214000;"Powiat oleśnicki";368,8;3,61;
0214011;"Oleśnica (1)";12547,7;7,11;
0214023;"Bierutów (3)";47,6;0,71;
0214062;"Oleśnica (2)";4,1;0,07;
0214073;"Syców (3)";227,4;1,96;
0214083;"Twardogóra (3)";494,5;6,44;
0215000;"Powiat oławski";351,1;2,40;
0215011;"Oława (1)";4020,5;3,32;
0215033;"Jelcz-Laskowice (3)";441,4;3,18;
0216000;"Powiat polkowicki";200,1;2,48;
0216043;"Polkowice (3)";841,0;5,09;
0216062;"Radwanice (2)";178,1;3,06;
0217000;"Powiat strzeliński";32,2;0,46;
0217043;"Strzelin (3)";116,7;0,91;
0218000;"Powiat średzki";367,8;4,67;
0218012;"Kostomłoty (2)";68,9;1,41;
0218032;"Miękinia (2)";495,9;5,05;
0218043;"Środa Śląska (3)";722,4;7,84;
0218052;"Udanin (2)";36,1;0,80;
0219000;"Powiat świdnicki";658,4;3,13;
0219011;"Świdnica (1)";11534,9;4,46;
0219021;"Świebodzice (1)";1347,4;1,81;
0219043;"Jaworzyna Śląska (3)";326,2;2,15;
0219063;"Strzegom (3)";324,9;1,84;
0219072;"Świdnica (2)";163,6;1,95;
0219083;"Żarów (3)";1058,7;7,54;
0220000;"Powiat trzebnicki";541,6;6,51;
0220013;"Oborniki Śląskie (3)";168,5;1,28;
0220023;"Prusice (3)";557,0;9,41;
0220033;"Trzebnica (3)";820,2;6,71;
0220042;"Wisznia Mała (2)";183,8;1,79;
0220063;"Żmigród (3)";884,3;17,66;
0221000;"Powiat wałbrzyski";158,1;1,23;
0221021;"Jedlina-Zdrój (1)";114,6;0,42;
0221031;"Szczawno-Zdrój (1)";2645,9;7,05;
0221063;"Mieroszów (3)";263,0;3,04;
0221072;"Stare Bogaczowice (2)";80,2;1,64;
0222000;"Powiat wołowski";589,7;8,54;
0222013;"Brzeg Dolny (3)";2139,8;12,55;
0222022;"Wińsko (2)";108,2;3,29;
0222033;"Wołów (3)";510,4;7,57;
0223000;"Powiat wrocławski";424,1;3,03;
0223012;"Czernica (2)";263,1;1,25;
0223022;"Długołęka (2)";197,3;1,20;
0223043;"Kąty Wrocławskie (3)";469,8;3,19;
0223052;"Kobierzyce (2)";723,6;4,87;
0223073;"Sobótka (3)";234,8;2,49;
0223083;"Siechnice (3)";1742,5;7,12;
0223092;"Żórawina (2)";124,7;1,32;
0224000;"Powiat ząbkowicki";11,2;0,14;
0224073;"Złoty Stok (3)";119,6;2,04;
0225000;"Powiat zgorzelecki";652,3;6,19;
0225021;"Zgorzelec (1)";13853,9;7,38;
0225033;"Bogatynia (3)";492,2;2,96;
0225052;"Sulików (2)";52,9;0,83;
0225063;"Węgliniec (3)";310,3;12,80;
0225072;"Zgorzelec (2)";1093,7;17,54;
0226000;"Powiat złotoryjski";81,6;1,09;
0226021;"Złotoryja (1)";4083,4;3,08;
0261000;"Powiat m.Jelenia Góra";5228,0;7,29;
0261011;"Jelenia Góra (1)";5228,0;7,29;
0262000;"Powiat m.Legnica";7052,8;4,03;
0262011;"Legnica (1)";7052,8;4,03;
0264000;"Powiat m.Wrocław";12307,9;5,61;
0264011;"Wrocław (1)";12307,9;5,61;
0265000;"Powiat m.Wałbrzych od 2013";3978,7;3,06;
0265011;"Wałbrzych od 2013 (1)";3978,7;3,06;
0400000;"KUJAWSKO-POMORSKIE";678,2;5,91;
0401000;"Powiat aleksandrowski";577,3;4,99;
0401011;"Aleksandrów Kujawski (1)";5255,9;3,15;
0401021;"Ciechocinek (1)";2097,0;3,04;
0401031;"Nieszawa (1)";4903,0;26,17;
0401042;"Aleksandrów Kujawski (2)";327,1;3,58;
0401062;"Koneck (2)";294,8;6,45;
0401072;"Raciążek (2)";1703,2;17,97;
0401082;"Waganiec (2)";330,2;3,94;
0401092;"Zakrzewo (2)";250,1;5,46;
0402000;"Powiat brodnicki";201,9;2,66;
0402011;"Brodnica (1)";3974,1;3,21;
0402032;"Brodnica (2)";197,1;2,89;
0402073;"Jabłonowo Pomorskie (3)";140,9;2,15;
0402082;"Osiek (2)";120,0;2,24;
0402092;"Świedziebnia (2)";9,6;0,20;
0402102;"Zbiczno (2)";478,4;13,13;
0403000;"Powiat bydgoski";1197,9;13,87;
0403012;"Białe Błota (2)";939,4;4,96;
0403022;"Dąbrowa Chełmińska (2)";2367,2;35,18;
0403032;"Dobrcz (2)";1722,1;18,73;
0403043;"Koronowo (3)";663,4;11,32;
0403052;"Nowa Wieś Wielka (2)";384,4;5,53;
0403062;"Osielsko (2)";2890,3;19,16;
0403072;"Sicienko (2)";1255,6;21,92;
0403083;"Solec Kujawski (3)";1056,7;11,03;
0404000;"Powiat chełmiński";556,0;5,67;
0404011;"Chełmno (1)";1843,7;1,30;
0404022;"Chełmno (2)";1028,9;19,00;
0404032;"Kijewo Królewskie (2)";111,4;1,77;
0404062;"Stolno (2)";548,1;10,18;
0404072;"Unisław (2)";1226,7;12,73;
0405000;"Powiat golubsko-dobrzyński";545,0;7,45;
0405011;"Golub-Dobrzyń (1)";4133,3;2,50;
0405022;"Ciechocin (2)";503,8;12,74;
0405032;"Golub-Dobrzyń (2)";899,9;20,13;
0405043;"Kowalewo Pomorskie (3)";517,0;6,39;
0405052;"Radomin (2)";12,4;0,26;
0406000;"Powiat grudziądzki";355,9;6,43;
0406012;"Grudziądz (2)";496,0;6,24;
0406022;"Gruta (2)";379,8;7,30;
0406033;"Łasin (3)";402,8;7,07;
0406043;"Radzyń Chełmiński (3)";822,9;16,28;
0407000;"Powiat inowrocławski";639,1;4,94;
0407011;"Inowrocław (1)";11900,1;5,05;
0407033;"Gniewkowo (3)";951,5;11,95;
0407042;"Inowrocław (2)";134,0;1,94;
0407053;"Janikowo (3)";522,0;3,70;
0407063;"Kruszwica (3)";354,4;4,89;
0407073;"Pakość (3)";821,2;7,32;
0407092;"Złotniki Kujawskie (2)";110,7;1,63;
0408000;"Powiat lipnowski";51,2;0,79;
0408011;"Lipno (1)";455,0;0,35;
0408082;"Tłuchowo (2)";473,1;10,09;
0409000;"Powiat mogileński";170,3;2,53;
0409033;"Mogilno (3)";448,9;4,69;
0410000;"Powiat nakielski";244,6;3,18;
0410013;"Kcynia (3)";222,5;5,00;
0410023;"Mrocza (3)";325,6;5,33;
0410033;"Nakło nad Notecią (3)";540,3;3,20;
0410042;"Sadki (2)";182,1;3,86;
0410053;"Szubin (3)";90,3;1,20;
0411000;"Powiat radziejowski";337,6;5,12;
0411011;"Radziejów (1)";878,7;0,91;
0411032;"Dobre (2)";1793,3;23,98;
0411062;"Radziejów (2)";539,7;11,47;
0411072;"Topólka (2)";223,6;4,85;
0412000;"Powiat rypiński";165,4;2,24;
0412011;"Rypin (1)";3010,9;2,06;
0412032;"Rogowo (2)";35,5;1,05;
0412042;"Rypin (2)";151,4;2,65;
0412052;"Skrwilno (2)";236,1;4,96;
0412062;"Wąpielsk (2)";107,3;2,53;
0413000;"Powiat sępoleński";343,8;6,66;
0413023;"Sępólno Krajeńskie (3)";676,5;9,83;
0413032;"Sośno (2)";18,4;0,61;
0413043;"Więcbork (3)";483,0;8,57;
0414000;"Powiat świecki";435,5;6,50;
0414022;"Dragacz (2)";143,1;2,23;
0414042;"Jeżewo (2)";306,8;5,96;
0414072;"Osie (2)";1062,0;40,28;
0414093;"Świecie (3)";1709,3;8,83;
0414102;"Świekatowo (2)";564,0;9,89;
0414112;"Warlubie (2)";104,4;3,25;
0415000;"Powiat toruński";1172,0;13,16;
0415011;"Chełmża (1)";5102,0;2,79;
0415022;"Chełmża (2)";1447,3;26,40;
0415032;"Czernikowo (2)";440,8;8,31;
0415042;"Lubicz (2)";1059,1;5,49;
0415052;"Łubianka (2)";5408,3;61,44;
0415062;"Łysomice (2)";2741,5;33,83;
0415072;"Obrowo (2)";598,1;5,30;
0415082;"Wielka Nieszawka (2)";180,4;7,39;
0415092;"Zławieś Wielka (2)";84,3;1,02;
0416000;"Powiat tucholski";517,0;11,51;
0416012;"Cekcyn (2)";343,5;12,61;
0416022;"Gostycyn (2)";176,7;4,62;
0416032;"Kęsowo (2)";640,9;15,67;
0416042;"Lubiewo (2)";485,3;13,15;
0416052;"Śliwice (2)";366,3;11,44;
0416063;"Tuchola (3)";968,0;11,51;
0417000;"Powiat wąbrzeski";629,5;9,28;
0417011;"Wąbrzeźno (1)";18874,6;12,01;
0417022;"Dębowa Łąka (2)";975,4;26,63;
0417052;"Ryńsk (2)";353,7;8,28;
0418000;"Powiat włocławski";331,8;5,71;
0418022;"Baruchowo (2)";140,5;4,40;
0418032;"Boniewo (2)";180,4;4,18;
0418043;"Brześć Kujawski (3)";1185,8;15,77;
0418052;"Choceń (2)";370,6;4,68;
0418072;"Fabianki (2)";184,6;1,38;
0418083;"Izbica Kujawska (3)";75,7;1,31;
0418092;"Kowal (2)";104,5;3,08;
0418102;"Lubanie (2)";403,4;6,15;
0418113;"Lubień Kujawski (3)";159,0;3,32;
0418123;"Lubraniec (3)";466,1;7,41;
0418132;"Włocławek (2)";394,3;11,81;
0419000;"Powiat żniński";143,2;2,02;
0419013;"Barcin (3)";248,2;2,04;
0419033;"Janowiec Wielkopolski (3)";61,2;0,90;
0419063;"Żnin (3)";409,6;4,31;
0461000;"Powiat m.Bydgoszcz";6557,6;3,35;
0461011;"Bydgoszcz (1)";6557,6;3,35;
0462000;"Powiat m.Grudziądz";10180,1;6,28;
0462011;"Grudziądz (1)";10180,1;6,28;
0463000;"Powiat m.Toruń";11925,3;6,95;
0463011;"Toruń (1)";11925,3;6,95;
0464000;"Powiat m.Włocławek";7625,7;5,92;
0464011;"Włocławek (1)";7625,7;5,92;
0600000;"LUBELSKIE";410,4;4,92;
0601000;"Powiat bialski";194,6;4,87;
0601011;"Międzyrzec Podlaski (1)";9286,1;11,16;
0601021;"Terespol (1)";2571,7;4,76;
0601032;"Biała Podlaska (2)";33,8;0,76;
0601062;"Kodeń (2)";198,6;8,74;
0601082;"Leśna Podlaska (2)";152,7;3,53;
0601102;"Międzyrzec Podlaski (2)";15,3;0,38;
0601112;"Piszczac (2)";146,9;3,50;
0601132;"Rossosz (2)";170,0;5,93;
0601142;"Sławatycze (2)";139,1;4,42;
0601162;"Terespol (2)";940,0;20,17;
0601182;"Wisznice (2)";323,3;11,50;
0601192;"Zalesie (2)";183,5;6,17;
0602000;"Powiat biłgorajski";311,1;5,21;
0602011;"Biłgoraj (1)";14407,6;11,64;
0602062;"Goraj (2)";73,7;1,24;
0602073;"Józefów (3)";1478,7;27,89;
0602112;"Potok Górny (2)";125,9;2,63;
0602123;"Tarnogród (3)";113,8;1,96;
0603000;"Powiat chełmski";161,2;3,92;
0603011;"Rejowiec Fabryczny (1)";840,3;2,77;
0603032;"Chełm (2)";1230,8;18,08;
0603072;"Leśniowice (2)";127,5;4,23;
0603153;"Rejowiec (3)";37,6;0,64;
0604000;"Powiat hrubieszowski";243,7;4,98;
0604011;"Hrubieszów (1)";605,5;1,16;
0604022;"Dołhobyczów (2)";555,0;22,41;
0604042;"Hrubieszów (2)";389,6;10,22;
0604052;"Mircze (2)";298,0;10,12;
0605000;"Powiat janowski";133,7;2,59;
0605053;"Janów Lubelski (3)";654,7;7,48;
0606000;"Powiat krasnostawski";37,8;0,62;
0606011;"Krasnystaw (1)";498,5;1,14;
0606052;"Krasnystaw (2)";6,6;0,12;
0606102;"Siennica Różana (2)";172,8;4,13;
0607000;"Powiat kraśnicki";167,1;1,78;
0607011;"Kraśnik (1)";6436,8;4,95;
0608000;"Powiat lubartowski";534,6;7,84;
0608011;"Lubartów (1)";12077,6;7,76;
0608032;"Firlej (2)";268,9;5,82;
0608052;"Kamionka (2)";1226,6;21,11;
0608072;"Lubartów (2)";1461,9;19,55;
0608092;"Niedźwiada (2)";992,1;15,47;
0608103;"Ostrów Lubelski (3)";16,5;0,38;
0608112;"Ostrówek (2)";122,4;2,90;
0608132;"Uścimów (2)";93,4;3,21;
0609000;"Powiat lubelski";649,0;6,97;
0609013;"Bełżyce (3)";880,8;8,96;
0609052;"Głusk (2)";4513,6;24,20;
0609062;"Jabłonna (2)";1836,8;29,73;
0609072;"Jastków (2)";70,7;0,56;
0609082;"Konopnica (2)";720,0;4,70;
0609092;"Krzczonów (2)";297,0;8,85;
0609102;"Niedrzwica Duża (2)";56,2;0,50;
0609112;"Niemce (2)";1785,8;12,57;
0609142;"Wólka (2)";329,9;1,88;
0609152;"Wysokie (2)";403,9;10,57;
0610000;"Powiat łęczyński";519,9;5,78;
0610022;"Ludwin (2)";573,0;12,38;
0610033;"Łęczna (3)";1184,5;3,85;
0610042;"Milejów (2)";901,0;11,63;
0610052;"Puchaczów (2)";710,1;11,40;
0610062;"Spiczyn (2)";24,1;0,34;
0611000;"Powiat łukowski";170,0;2,23;
0611011;"Łuków (1)";4195,8;5,09;
0611042;"Krzywda (2)";80,8;1,25;
0611052;"Łuków (2)";211,3;3,55;
0611092;"Trzebieszów (2)";64,0;1,23;
0612000;"Powiat opolski";140,7;1,94;
0612012;"Chodel (2)";138,4;2,29;
0612042;"Łaziska (2)";54,9;1,23;
0612053;"Opole Lubelskie (3)";345,9;3,95;
0612063;"Poniatowa (3)";307,5;1,86;
0613000;"Powiat parczewski";357,1;9,89;
0613043;"Parczew (3)";1096,7;11,24;
0613052;"Podedwórze (2)";37,3;2,51;
0613062;"Siemień (2)";1573,6;39,32;
0614000;"Powiat puławski";394,0;3,27;
0614011;"Puławy (1)";7149,9;7,69;
0614032;"Janowiec (2)";88,8;1,91;
0615000;"Powiat radzyński";101,5;1,68;
0615011;"Radzyń Podlaski (1)";3003,6;3,76;
0615032;"Czemierniki (2)";334,9;8,44;
0615042;"Kąkolewnica (2)";27,1;0,50;
0616000;"Powiat rycki";335,2;3,71;
0616011;"Dęblin (1)";2974,2;7,18;
0616043;"Ryki (3)";537,8;4,30;
0616052;"Stężyca (2)";43,1;0,98;
0617000;"Powiat świdnicki";945,9;6,20;
0617011;"Świdnik (1)";17149,9;9,00;
0617022;"Mełgiew (2)";706,4;6,69;
0617052;"Trawniki (2)";320,8;3,06;
0618000;"Powiat tomaszowski";544,7;9,90;
0618011;"Tomaszów Lubelski (1)";2633,6;1,86;
0618032;"Jarczów (2)";909,6;29,10;
0618053;"Lubycza Królewska (3)";48,1;1,64;
0618082;"Susiec (2)";1137,6;29,39;
0618092;"Tarnawatka (2)";386,3;8,24;
0618112;"Tomaszów Lubelski (2)";2206,1;33,39;
0618123;"Tyszowce (3)";70,1;1,66;
0618132;"Ulhówek (2)";231,9;7,63;
0619000;"Powiat włodawski";426,6;14,11;
0619011;"Włodawa (1)";8180,3;11,38;
0619022;"Hanna (2)";811,3;40,49;
0619052;"Urszulin (2)";273,0;11,29;
0619062;"Włodawa (2)";934,6;38,02;
0620000;"Powiat zamojski";193,6;3,44;
0620043;"Krasnobród (3)";110,3;1,99;
0620072;"Nielisz (2)";561,2;11,69;
0620133;"Szczebrzeszyn (3)";947,4;10,56;
0620142;"Zamość (2)";382,4;3,23;
0620153;"Zwierzyniec (3)";605,7;14,09;
0661000;"Powiat m.Biała Podlaska";4251,0;3,69;
0661011;"Biała Podlaska (1)";4251,0;3,69;
0662000;"Powiat m.Chełm";5413,8;3,12;
0662011;"Chełm (1)";5413,8;3,12;
0663000;"Powiat m.Lublin";12266,9;5,34;
0663011;"Lublin (1)";12266,9;5,34;
0664000;"Powiat m.Zamość";15787,7;7,63;
0664011;"Zamość (1)";15787,7;7,63;
0800000;"LUBUSKIE";510,2;7,09;
0801000;"Powiat gorzowski";654,7;11,00;
0801011;"Kostrzyn nad Odrą (1)";4854,8;12,65;
0801022;"Bogdaniec (2)";429,6;6,74;
0801032;"Deszczno (2)";243,6;4,04;
0801042;"Kłodawa (2)";626,3;16,76;
0801052;"Lubiszyn (2)";190,0;5,63;
0801062;"Santok (2)";407,3;7,79;
0801073;"Witnica (3)";814,6;17,76;
0802000;"Powiat krośnieński";375,2;9,56;
0802011;"Gubin (1)";7833,7;9,80;
0802032;"Bytnica (2)";230,0;19,25;
0802042;"Dąbie (2)";93,6;3,25;
0802052;"Gubin (2)";331,9;17,71;
0802063;"Krosno Odrzańskie (3)";706,2;8,53;
0802072;"Maszewo (2)";93,5;7,18;
0803000;"Powiat międzyrzecki";179,4;4,36;
0803023;"Międzyrzecz (3)";716,7;9,17;
0803053;"Skwierzyna (3)";80,8;1,93;
0804000;"Powiat nowosolski";1117,1;10,04;
0804011;"Nowa Sól (1)";34495,4;19,69;
0804032;"Kolsko (2)";198,3;4,84;
0804043;"Kożuchów (3)";111,6;1,26;
0804052;"Nowa Sól (2)";17,0;0,43;
0804063;"Nowe Miasteczko (3)";481,4;6,94;
0804073;"Otyń (3)";359,9;4,66;
0805000;"Powiat słubicki";411,3;8,76;
0805013;"Cybinka (3)";150,2;6,49;
0805022;"Górzyca (2)";323,2;10,96;
0805033;"Ośno Lubuskie (3)";247,9;7,71;
0805043;"Rzepin (3)";324,6;6,41;
0805053;"Słubice (3)";1137,0;10,47;
0806000;"Powiat strzelecko-drezdenecki";280,5;7,20;
0806013;"Dobiegniew (3)";59,8;3,25;
0806023;"Drezdenko (3)";295,1;6,94;
0806043;"Strzelce Krajeńskie (3)";332,3;6,31;
0806052;"Zwierzyn (2)";1048,6;24,38;
0807000;"Powiat sulęciński";290,4;9,77;
0807012;"Krzeszyce (2)";113,3;4,67;
0807023;"Lubniewice (3)";154,2;6,35;
0807032;"Słońsk (2)";81,9;2,72;
0807043;"Sulęcin (3)";874,8;17,91;
0807053;"Torzym (3)";18,7;1,04;
0808000;"Powiat świebodziński";540,3;9,11;
0808012;"Lubrza (2)";98,2;3,33;
0808022;"Łagów (2)";85,4;3,46;
0808032;"Skąpe (2)";308,8;11,08;
0808042;"Szczaniec (2)";529,4;15,60;
0808053;"Świebodzin (3)";658,1;4,99;
0808063;"Zbąszynek (3)";2253,4;25,63;
0809000;"Powiat zielonogórski";652,0;11,63;
0809013;"Babimost (3)";3675,8;55,20;
0809033;"Czerwieńsk (3)";539,6;10,46;
0809043;"Kargowa (3)";1050,3;23,22;
0809053;"Nowogród Bobrzański (3)";3,9;0,11;
0809063;"Sulechów (3)";862,0;7,69;
0809072;"Świdnica (2)";484,8;11,67;
0809082;"Trzebiechów (2)";197,6;4,79;
0810000;"Powiat żagański";179,4;2,60;
0810021;"Żagań (1)";2327,9;3,72;
0810043;"Iłowa (3)";58,8;1,33;
0810053;"Małomice (3)";276,4;4,26;
0810062;"Niegosławice (2)";95,3;2,99;
0810073;"Szprotawa (3)";279,5;3,19;
0811000;"Powiat żarski";440,1;6,42;
0811011;"Łęknica (1)";1217,3;8,35;
0811021;"Żary (1)";8062,1;7,29;
0811032;"Brody (2)";806,1;57,67;
0811043;"Jasień (3)";142,0;2,59;
0811063;"Lubsko (3)";350,4;3,51;
0811092;"Tuplice (2)";714,8;15,55;
0812000;"Powiat wschowski";84,9;1,37;
0812013;"Sława (3)";122,3;3,16;
0812023;"Szlichtyngowa (3)";70,2;1,39;
0812033;"Wschowa (3)";30,4;0,29;
0861000;"Powiat m.Gorzów Wielkopolski";7629,5;5,33;
0861011;"Gorzów Wielkopolski (1)";7629,5;5,33;
0862000;"Powiat m.Zielona Góra";2504,3;4,95;
0862011;"Zielona Góra (1)";2504,3;4,95;
1000000;"ŁÓDZKIE";519,2;3,88;
1001000;"Powiat bełchatowski";1415,9;12,18;
1001011;"Bełchatów (1)";10970,0;6,74;
1001022;"Bełchatów (2)";803,9;12,25;
1001032;"Drużbice (2)";26,5;0,57;
1001042;"Kleszczów (2)";6139,8;119,35;
1001052;"Kluki (2)";345,9;9,28;
1001072;"Szczerców (2)";271,4;4,26;
1002000;"Powiat kutnowski";197,3;1,83;
1002011;"Kutno (1)";4614,5;3,58;
1002043;"Krośniewice (3)";42,2;0,49;
1002062;"Kutno (2)";130,8;1,83;
1003000;"Powiat łaski";331,6;4,12;
1003023;"Łask (3)";681,0;3,60;
1003032;"Sędziejowice (2)";125,0;2,36;
1003042;"Widawa (2)";487,9;11,96;
1003052;"Wodzierady (2)";48,6;1,14;
1004000;"Powiat łęczycki";32,4;0,51;
1004011;"Łęczyca (1)";1899,4;1,23;
1004063;"Piątek (3)";60,1;1,36;
1005000;"Powiat łowicki";127,5;1,62;
1005011;"Łowicz (1)";4953,0;4,16;
1005092;"Nieborów (2)";96,2;1,07;
1006000;"Powiat łódzki wschodni";944,5;6,50;
1006022;"Andrespol (2)";4118,1;7,41;
1006032;"Brójce (2)";2274,7;23,22;
1006073;"Koluszki (3)";730,0;4,85;
1006082;"Nowosolna (2)";648,4;6,78;
1006103;"Rzgów (3)";919,8;5,76;
1007000;"Powiat opoczyński";234,6;3,23;
1007023;"Drzewica (3)";363,8;4,14;
1007032;"Mniszków (2)";588,0;15,37;
1007043;"Opoczno (3)";545,5;3,08;
1007072;"Sławno (2)";185,6;3,14;
1008000;"Powiat pabianicki";558,7;2,31;
1008011;"Konstantynów Łódzki (1)";1394,5;2,07;
1008021;"Pabianice (1)";3000,9;1,55;
1008032;"Dłutów (2)";414,9;8,95;
1008052;"Ksawerów (2)";3152,5;5,61;
1008062;"Lutomiersk (2)";112,0;1,72;
1008072;"Pabianice (2)";433,3;4,89;
1009000;"Powiat pajęczański";838,5;13,23;
1009013;"Działoszyn (3)";487,9;4,78;
1009022;"Kiełczygłów (2)";424,3;9,37;
1009043;"Pajęczno (3)";114,4;1,13;
1009052;"Rząśnia (2)";4457,9;77,99;
1009082;"Sulmierzyce (2)";2187,6;40,94;
1010000;"Powiat piotrkowski";91,7;1,44;
1010062;"Moszczenica (2)";403,6;3,48;
1010093;"Sulejów (3)";286,9;3,31;
1010102;"Wola Krzysztoporska (2)";58,6;0,83;
1010113;"Wolbórz (3)";145,1;2,81;
1011000;"Powiat poddębicki";229,2;4,94;
1011033;"Poddębice (3)";467,6;6,83;
1011043;"Uniejów (3)";186,0;3,45;
1011052;"Wartkowice (2)";521,0;11,70;
1012000;"Powiat radomszczański";92,2;1,19;
1012011;"Radomsko (1)";2177,7;2,47;
1012032;"Gidle (2)";155,2;3,02;
1012053;"Kamieńsk (3)";31,1;0,51;
1013000;"Powiat rawski";287,8;3,84;
1013011;"Rawa Mazowiecka (1)";5104,9;4,25;
1013023;"Biała Rawska (3)";436,8;8,10;
1013042;"Rawa Mazowiecka (2)";134,8;2,50;
1014000;"Powiat sieradzki";260,9;3,33;
1014011;"Sieradz (1)";5603,3;6,93;
1014023;"Błaszki (3)";24,8;0,35;
1014042;"Brzeźnio (2)";171,0;3,45;
1014062;"Goszczanów (2)";16,5;0,37;
1014093;"Warta (3)";188,7;3,84;
1014113;"Złoczew (3)";213,2;3,51;
1015000;"Powiat skierniewicki";403,5;7,96;
1015012;"Bolimów (2)";590,8;16,39;
1015062;"Maków (2)";846,3;11,49;
1015072;"Nowy Kawęczyn (2)";642,9;19,86;
1015082;"Skierniewice (2)";708,3;12,18;
1015092;"Słupia (2)";219,0;3,45;
1016000;"Powiat tomaszowski";638,2;5,65;
1016011;"Tomaszów Mazowiecki (1)";6852,3;4,61;
1016042;"Czerniewice (2)";39,0;1,00;
1016052;"Inowłódz (2)";868,9;22,26;
1016062;"Lubochnia (2)";327,3;6,04;
1016072;"Rokiciny (2)";684,5;10,08;
1016082;"Rzeczyca (2)";570,8;13,45;
1016092;"Tomaszów Mazowiecki (2)";280,3;3,73;
1016102;"Ujazd (2)";742,7;9,34;
1017000;"Powiat wieluński";336,8;4,12;
1017022;"Czarnożyły (2)";373,2;5,79;
1017032;"Konopnica (2)";192,4;4,26;
1017042;"Mokrsko (2)";193,1;2,80;
1017052;"Osjaków (2)";484,7;10,34;
1017062;"Ostrówek (2)";305,8;6,93;
1017072;"Pątnów (2)";296,3;5,22;
1017093;"Wieluń (3)";1079,3;4,53;
1018000;"Powiat wieruszowski";424,5;5,84;
1018012;"Bolesławiec (2)";279,2;4,42;
1018022;"Czastary (2)";446,4;7,00;
1018032;"Galewice (2)";154,7;3,44;
1018043;"Lututów (3)";144,5;2,41;
1018052;"Łubnice (2)";937,0;14,20;
1018062;"Sokolniki (2)";112,5;1,78;
1018073;"Wieruszów (3)";1039,1;7,12;
1019000;"Powiat zduńskowolski";1830,8;10,23;
1019011;"Zduńska Wola (1)";13675,2;8,14;
1019023;"Szadek (3)";65,9;1,37;
1019032;"Zapolice (2)";626,5;9,73;
1019042;"Zduńska Wola (2)";2499,8;22,78;
1020000;"Powiat zgierski";345,0;1,78;
1020011;"Głowno (1)";1562,5;2,22;
1020021;"Ozorków (1)";4398,4;3,56;
1020031;"Zgierz (1)";1819,0;1,38;
1020052;"Głowno (2)";57,3;1,24;
1020083;"Stryków (3)";367,3;4,57;
1020092;"Zgierz (2)";276,3;3,75;
1021000;"Powiat brzeziński";47,4;0,55;
1021011;"Brzeziny (1)";787,8;1,37;
1061000;"Powiat m.Łódź";6035,8;2,63;
1061011;"Łódź (1)";6035,8;2,63;
1062000;"Powiat m.Piotrków Trybunalski";4312,9;4,01;
1062011;"Piotrków Trybunalski (1)";4312,9;4,01;
1063000;"Powiat m.Skierniewice";8352,6;6,06;
1063011;"Skierniewice (1)";8352,6;6,06;
1200000;"MAŁOPOLSKIE";508,5;2,26;
1201000;"Powiat bocheński";439,4;2,66;
1201011;"Bochnia (1)";2343,5;2,37;
1201032;"Drwinia (2)";1560,0;26,02;
1201042;"Lipnica Murowana (2)";232,2;2,48;
1201052;"Łapanów (2)";83,7;0,73;
1201072;"Rzezawa (2)";162,1;1,22;
1201082;"Trzciana (2)";158,8;1,24;
1201092;"Żegocina (2)";143,3;0,90;
1202000;"Powiat brzeski";438,6;2,78;
1202012;"Borzęcin (2)";1898,7;23,59;
1202023;"Brzesko (3)";58,4;0,17;
1202042;"Dębno (2)";294,1;1,63;
1202052;"Gnojnik (2)";491,0;3,37;
1202072;"Szczurowa (2)";51,9;0,74;
1203000;"Powiat chrzanowski";348,5;1,04;
1203022;"Babice (2)";18,5;0,11;
1203033;"Chrzanów (3)";1233,6;2,12;
1203043;"Libiąż (3)";280,4;0,72;
1203053;"Trzebinia (3)";132,8;0,42;
1204000;"Powiat dąbrowski";94,3;0,85;
1204023;"Dąbrowa Tarnowska (3)";429,3;2,36;
1205000;"Powiat gorlicki";231,8;2,06;
1205011;"Gorlice (1)";2974,9;2,60;
1205023;"Biecz (3)";570,0;3,34;
1205033;"Bobowa (3)";40,2;0,20;
1205042;"Gorlice (2)";320,9;1,91;
1205052;"Lipinki (2)";722,2;7,06;
1205072;"Moszczenica (2)";79,7;0,60;
1205092;"Sękowa (2)";61,6;2,43;
1206000;"Powiat krakowski";204,0;0,89;
1206032;"Iwanowice (2)";618,9;4,77;
1206063;"Krzeszowice (3)";129,5;0,56;
1206072;"Liszki (2)";41,6;0,17;
1206082;"Michałowice (2)";762,8;3,58;
1206113;"Skawina (3)";560,9;1,28;
1206123;"Słomniki (3)";159,3;1,33;
1206132;"Sułoszowa (2)";93,7;0,86;
1206152;"Wielka Wieś (2)";145,0;0,53;
1206162;"Zabierzów (2)";301,8;1,11;
1206172;"Zielonki (2)";638,1;1,31;
1207000;"Powiat limanowski";21,0;0,15;
1207021;"Mszana Dolna (1)";738,0;2,53;
1208000;"Powiat miechowski";211,4;2,95;
1208012;"Charsznica (2)";140,2;1,49;
1208022;"Gołcza (2)";1321,9;19,72;
1208053;"Miechów (3)";87,6;0,67;
1209000;"Powiat myślenicki";185,7;0,98;
1209013;"Dobczyce (3)";466,9;2,02;
1209033;"Myślenice (3)";228,0;0,79;
1209042;"Pcim (2)";505,8;4,04;
1209062;"Siepraw (2)";439,6;1,54;
1210000;"Powiat nowosądecki";285,8;2,04;
1210022;"Chełmiec (2)";142,9;0,55;
1210073;"Krynica-Zdrój (3)";385,9;3,37;
1210092;"Łącko (2)";458,8;3,68;
1210113;"Muszyna (3)";593,9;7,28;
1210163;"Stary Sącz (3)";2240,3;9,50;
1211000;"Powiat nowotarski";733,6;5,65;
1211011;"Nowy Targ (1)";4366,6;6,71;
1211023;"Szczawnica (3)";352,7;4,34;
1211032;"Czarny Dunajec (2)";634,9;6,11;
1211042;"Czorsztyn (2)";2606,2;21,14;
1211062;"Krościenko nad Dunajcem (2)";910,4;7,70;
1211072;"Lipnica Wielka (2)";861,0;9,65;
1211082;"Łapsze Niżne (2)";1574,1;21,17;
1211092;"Nowy Targ (2)";462,2;3,98;
1211112;"Raba Wyżna (2)";786,3;4,73;
1211123;"Rabka-Zdrój (3)";159,1;0,65;
1211142;"Szaflary (2)";792,3;3,87;
1212000;"Powiat olkuski";71,2;0,40;
1212011;"Bukowno (1)";185,8;1,20;
1212053;"Olkusz (3)";212,2;0,66;
1213000;"Powiat oświęcimski";1099,7;2,92;
1213011;"Oświęcim (1)";8133,3;6,49;
1213023;"Brzeszcze (3)";811,4;1,75;
1213043;"Kęty (3)";1025,2;2,29;
1213093;"Zator (3)";1685,1;9,42;
1214000;"Powiat proszowicki";4,8;0,05;
1214053;"Proszowice (3)";20,0;0,12;
1215000;"Powiat suski";70,0;0,57;
1215021;"Sucha Beskidzka (1)";1736,0;5,31;
1216000;"Powiat tarnowski";308,9;2,17;
1216032;"Lisia Góra (2)";163,0;1,10;
1216063;"Ryglice (3)";68,3;0,69;
1216082;"Skrzyszów (2)";999,8;6,00;
1216092;"Tarnów (2)";2006,8;6,33;
1216112;"Wierzchosławice (2)";492,3;3,43;
1216122;"Wietrzychowice (2)";165,3;2,04;
1216143;"Zakliczyn (3)";311,3;3,03;
1216153;"Żabno (3)";226,5;1,22;
1216162;"Szerzyny (2)";646,3;6,72;
1217000;"Powiat tatrzański";173,9;1,21;
1217011;"Zakopane (1)";830,8;2,61;
1217042;"Kościelisko (2)";14,6;0,23;
1217052;"Poronin (2)";119,6;0,85;
1218000;"Powiat wadowicki";122,3;0,49;
1218013;"Andrychów (3)";328,7;0,76;
1218022;"Brzeźnica (2)";120,4;0,76;
1218093;"Wadowice (3)";88,6;0,27;
1218102;"Wieprz (2)";376,2;2,24;
1219000;"Powiat wielicki";289,7;0,91;
1219012;"Biskupice (2)";194,5;0,76;
1219022;"Gdów (2)";340,3;2,01;
1219032;"Kłaj (2)";107,7;0,65;
1219043;"Niepołomice (3)";322,0;1,05;
1219053;"Wieliczka (3)";361,2;0,59;
1261000;"Powiat m.Kraków";7734,4;3,24;
1261011;"Kraków (1)";7734,4;3,24;
1262000;"Powiat m.Nowy Sącz";2935,0;2,02;
1262011;"Nowy Sącz (1)";2935,0;2,02;
1263000;"Powiat m.Tarnów";10458,7;7,04;
1263011;"Tarnów (1)";10458,7;7,04;
1400000;"MAZOWIECKIE";721,6;4,73;
1401000;"Powiat białobrzeski";165,9;3,18;
1401013;"Białobrzegi (3)";849,0;6,45;
1401032;"Radzanów (2)";484,7;10,30;
1402000;"Powiat ciechanowski";536,9;6,40;
1402011;"Ciechanów (1)";14155,0;10,57;
1402022;"Ciechanów (2)";28,5;0,56;
1402033;"Glinojeck (3)";84,5;1,67;
1402052;"Grudusk (2)";206,7;5,66;
1402072;"Opinogóra Górna (2)";489,1;11,45;
1403000;"Powiat garwoliński";63,0;0,75;
1403011;"Garwolin (1)";2355,1;2,96;
1403032;"Borowie (2)";99,7;1,53;
1403072;"Maciejowice (2)";51,7;1,31;
1403103;"Pilawa (3)";77,8;0,55;
1403143;"Żelechów (3)";68,6;0,73;
1404000;"Powiat gostyniński";273,3;3,77;
1404011;"Gostynin (1)";4321,0;7,63;
1404043;"Sanniki (3)";200,9;3,18;
1404052;"Szczawin Kościelny (2)";70,8;1,86;
1405000;"Powiat grodziski";991,7;3,73;
1405011;"Milanówek (1)";2455,4;2,00;
1405021;"Podkowa Leśna (1)";2467,9;6,58;
1405043;"Grodzisk Mazowiecki (3)";1918,1;4,12;
1405052;"Jaktorów (2)";1627,5;7,12;
1405062;"Żabia Wola (2)";94,8;1,08;
1406000;"Powiat grójecki";178,3;2,31;
1406012;"Belsk Duży (2)";74,4;1,24;
1406022;"Błędów (2)";44,8;0,82;
1406053;"Grójec (3)";486,2;2,28;
1406073;"Mogielnica (3)";269,5;4,43;
1406083;"Nowe Miasto nad Pilicą (3)";37,9;0,79;
1406113;"Warka (3)";538,9;5,69;
1407000;"Powiat kozienicki";281,6;4,33;
1407012;"Garbatka-Letnisko (2)";108,4;1,59;
1407022;"Głowaczów (2)";139,9;3,68;
1407032;"Gniewoszów (2)";35,7;0,78;
1407053;"Kozienice (3)";905,6;7,57;
1408000;"Powiat legionowski";2444,0;7,97;
1408011;"Legionowo (1)";14623,3;3,70;
1408022;"Jabłonna (2)";3379,6;10,90;
1408032;"Nieporęt (2)";3498,5;22,64;
1408043;"Serock (3)";408,0;2,93;
1408052;"Wieliszew (2)";1479,9;9,78;
1409000;"Powiat lipski";39,2;0,86;
1409033;"Lipsko (3)";81,3;1,01;
1409062;"Solec nad Wisłą (2)";138,6;3,76;
1410000;"Powiat łosicki";58,3;1,47;
1410023;"Łosice (3)";346,3;3,91;
1410042;"Platerów (2)";23,2;0,62;
1411000;"Powiat makowski";22,5;0,54;
1411011;"Maków Mazowiecki (1)";2334,6;2,51;
1412000;"Powiat miński";342,9;2,58;
1412011;"Mińsk Mazowiecki (1)";4173,0;1,34;
1412042;"Cegłów (2)";104,6;1,65;
1412052;"Dębe Wielkie (2)";115,8;0,84;
1412062;"Dobre (2)";120,1;2,51;
1412073;"Halinów (3)";2123,9;8,15;
1412102;"Latowicz (2)";8,8;0,19;
1412112;"Mińsk Mazowiecki (2)";240,4;1,72;
1412151;"Sulejówek (1)";7664,4;7,42;
1413000;"Powiat mławski";198,8;3,25;
1413011;"Mława (1)";4109,2;4,59;
1413032;"Lipowiec Kościelny (2)";52,4;1,25;
1413052;"Strzegowo (2)";317,4;9,17;
1413062;"Stupsk (2)";93,2;2,28;
1413082;"Szydłowo (2)";57,1;1,54;
1414000;"Powiat nowodworski";1062,2;9,31;
1414011;"Nowy Dwór Mazowiecki (1)";5919,9;5,82;
1414022;"Czosnów (2)";3324,3;42,82;
1414032;"Leoncin (2)";113,9;3,22;
1414043;"Nasielsk (3)";87,5;0,90;
1414052;"Pomiechówek (2)";584,3;6,60;
1414063;"Zakroczym (3)";669,5;8,02;
1415000;"Powiat ostrołęcki";1165,0;27,56;
1415012;"Baranowo (2)";1351,4;41,33;
1415022;"Czarnia (2)";1086,8;41,26;
1415032;"Czerwin (2)";1227,7;41,35;
1415042;"Goworowo (2)";1040,6;27,77;
1415052;"Kadzidło (2)";660,5;15,12;
1415062;"Lelis (2)";2143,7;43,05;
1415072;"Łyse (2)";1795,1;53,12;
1415083;"Myszyniec (3)";1225,7;26,74;
1415092;"Olszewo-Borki (2)";554,0;10,10;
1415102;"Rzekuń (2)";1023,8;12,22;
1415112;"Troszyn (2)";492,6;16,30;
1416000;"Powiat ostrowski";196,3;3,33;
1416011;"Ostrów Mazowiecka (1)";7633,6;7,65;
1416032;"Boguty-Pianki (2)";303,1;10,56;
1416052;"Małkinia Górna (2)";215,9;2,51;
1416092;"Szulborze Wielkie (2)";278,3;7,98;
1417000;"Powiat otwocki";1284,3;6,36;
1417011;"Józefów (1)";9703,1;11,19;
1417021;"Otwock (1)";7567,1;8,08;
1417032;"Celestynów (2)";528,6;4,02;
1417043;"Karczew (3)";736,2;3,77;
1417082;"Wiązowna (2)";920,5;7,05;
1418000;"Powiat piaseczyński";1000,0;3,26;
1418013;"Góra Kalwaria (3)";187,3;1,00;
1418023;"Konstancin-Jeziorna (3)";1056,2;3,37;
1418032;"Lesznowola (2)";2467,5;5,74;
1418043;"Piaseczno (3)";2105,1;3,13;
1418052;"Prażmów (2)";127,2;0,97;
1418063;"Tarczyn (3)";516,3;5,09;
1419000;"Powiat płocki";324,5;5,26;
1419022;"Bodzanów (2)";161,3;2,70;
1419032;"Brudzeń Duży (2)";275,3;5,34;
1419053;"Drobin (3)";69,7;1,28;
1419063;"Gąbin (3)";403,5;5,38;
1419072;"Łąck (2)";2585,4;45,20;
1419102;"Radzanowo (2)";19,1;0,23;
1419122;"Słupno (2)";1895,1;17,47;
1419132;"Stara Biała (2)";549,0;5,08;
1420000;"Powiat płoński";183,4;2,92;
1420011;"Płońsk (1)";9913,8;5,25;
1420032;"Baboszewo (2)";258,9;5,31;
1420062;"Joniec (2)";82,0;2,26;
1420092;"Płońsk (2)";709,2;11,23;
1421000;"Powiat pruszkowski";5326,8;7,87;
1421011;"Piastów (1)";17187,5;4,39;
1421021;"Pruszków (1)";18290,8;5,60;
1421033;"Brwinów (3)";3263,1;8,43;
1421042;"Michałowice (2)";5585,9;10,57;
1421052;"Nadarzyn (2)";5650,1;28,91;
1421062;"Raszyn (2)";614,9;1,23;
1422000;"Powiat przasnyski";562,1;13,15;
1422011;"Przasnysz (1)";7392,7;10,91;
1422023;"Chorzele (3)";420,8;15,48;
1422032;"Czernice Borowe (2)";599,1;19,11;
1422042;"Jednorożec (2)";469,3;15,52;
1422062;"Krzynowłoga Mała (2)";302,9;16,39;
1422072;"Przasnysz (2)";575,7;14,71;
1423000;"Powiat przysuski";54,9;1,07;
1423032;"Klwów (2)";138,3;3,57;
1423042;"Odrzywół (2)";60,5;1,62;
1423063;"Przysucha (3)";143,0;2,22;
1424000;"Powiat pułtuski";82,2;1,31;
1424043;"Pułtusk (3)";507,0;2,76;
1425000;"Powiat radomski";212,4;2,14;
1425011;"Pionki (1)";1902,2;1,96;
1425022;"Gózd (2)";192,4;1,65;
1425052;"Jedlińsk (2)";108,1;1,03;
1425062;"Jedlnia-Letnisko (2)";289,7;1,47;
1425072;"Kowala (2)";187,5;1,14;
1425082;"Pionki (2)";43,5;1,01;
1425092;"Przytyk (2)";104,2;1,92;
1425103;"Skaryszew (3)";221,9;2,56;
1425132;"Zakrzew (2)";1713,4;12,40;
1426000;"Powiat siedlecki";165,9;3,27;
1426022;"Korczew (2)";543,1;22,32;
1426032;"Kotuń (2)";186,1;3,30;
1426042;"Mokobody (2)";50,3;1,22;
1426053;"Mordy (3)";5,9;0,17;
1426082;"Siedlce (2)";622,6;4,71;
1426092;"Skórzec (2)";462,0;6,95;
1426112;"Wiśniew (2)";190,5;4,16;
1426132;"Zbuczyn (2)";33,2;0,70;
1427000;"Powiat sierpecki";88,0;1,46;
1427011;"Sierpc (1)";1882,7;1,97;
1427022;"Gozdowo (2)";47,5;1,01;
1427052;"Sierpc (2)";80,0;1,71;
1427062;"Szczutowo (2)";195,2;5,18;
1428000;"Powiat sochaczewski";503,5;4,36;
1428011;"Sochaczew (1)";6911,0;5,04;
1428032;"Iłów (2)";46,5;0,98;
1428082;"Teresin (2)";2080,5;15,86;
1429000;"Powiat sokołowski";381,9;8,11;
1429011;"Sokołów Podlaski (1)";14334,7;13,34;
1429042;"Jabłonna Lacka (2)";214,4;7,31;
1429053;"Kosów Lacki (3)";20,0;0,68;
1429072;"Sabnie (2)";1037,2;31,34;
1429082;"Sokołów Podlaski (2)";241,6;5,47;
1430000;"Powiat szydłowiecki";340,9;3,91;
1430012;"Chlewiska (2)";653,3;13,81;
1430053;"Szydłowiec (3)";527,8;3,94;
1432000;"Powiat warszawski zachodni";1556,8;6,92;
1432013;"Błonie (3)";2886,2;11,43;
1432022;"Izabelin (2)";1138,3;7,01;
1432042;"Leszno (2)";32,0;0,39;
1432053;"Łomianki (3)";4867,4;6,82;
1432063;"Ożarów Mazowiecki (3)";1739,9;4,74;
1432072;"Stare Babice (2)";3043,2;9,84;
1433000;"Powiat węgrowski";197,4;3,68;
1433011;"Węgrów (1)";4393,1;12,53;
1433042;"Liw (2)";383,5;8,87;
1433053;"Łochów (3)";101,9;1,12;
1434000;"Powiat wołomiński";1195,5;4,52;
1434011;"Kobyłka (1)";8146,6;6,36;
1434021;"Marki (1)";4283,0;3,04;
1434031;"Ząbki (1)";18123,9;5,16;
1434041;"Zielonka (1)";1484,7;6,75;
1434052;"Dąbrówka (2)";119,0;1,59;
1434062;"Jadów (2)";85,8;1,35;
1434072;"Klembów (2)";350,1;2,97;
1434093;"Radzymin (3)";1521,7;7,07;
1434123;"Wołomin (3)";4881,6;5,82;
1435000;"Powiat wyszkowski";818,1;9,66;
1435012;"Brańszczyk (2)";588,6;12,08;
1435022;"Długosiodło (2)";942,6;20,34;
1435032;"Rząśnik (2)";322,5;7,73;
1435042;"Somianka (2)";161,4;3,38;
1435053;"Wyszków (3)";2349,0;9,77;
1436000;"Powiat zwoleński";57,6;0,92;
1436022;"Policzna (2)";62,2;1,29;
1436042;"Tczów (2)";166,3;2,46;
1436053;"Zwoleń (3)";86,3;0,93;
1437000;"Powiat żuromiński";328,5;6,94;
1437022;"Kuczbork-Osada (2)";24,7;0,64;
1437033;"Lubowidz (3)";450,8;12,65;
1437042;"Lutocin (2)";205,6;6,19;
1437063;"Żuromin (3)";1128,5;10,57;
1438000;"Powiat żyrardowski";839,4;5,93;
1438011;"Żyrardów (1)";23414,6;8,50;
1438023;"Mszczonów (3)";480,7;6,38;
1438042;"Radziejowice (2)";219,1;2,73;
1438052;"Wiskitki (2)";146,5;2,23;
1461000;"Powiat m.Ostrołęka";8756,7;5,67;
1461011;"Ostrołęka (1)";8756,7;5,67;
1462000;"Powiat m.Płock";7269,4;5,41;
1462011;"Płock (1)";7269,4;5,41;
1463000;"Powiat m.Radom";9051,9;4,84;
1463011;"Radom (1)";9051,9;4,84;
1464000;"Powiat m.Siedlce";13308,2;5,45;
1464011;"Siedlce (1)";13308,2;5,45;
1465000;"Powiat m. st. Warszawa";13071,3;3,77;
1465011;"M.st.Warszawa od 2002 (1)";13071,3;3,77;
1600000;"OPOLSKIE";591,6;5,70;
1601000;"Powiat brzeski";251,2;2,46;
1601011;"Brzeg (1)";1026,7;0,43;
1601022;"Skarbimierz (2)";1015,3;13,40;
1601033;"Grodków (3)";248,3;3,74;
1601052;"Lubsza (2)";103,4;2,45;
1602000;"Powiat głubczycki";113,0;1,69;
1602022;"Branice (2)";205,5;3,93;
1602033;"Głubczyce (3)";173,3;2,32;
1603000;"Powiat kędzierzyńsko-kozielski";932,6;6,27;
1603011;"Kędzierzyn-Koźle (1)";2821,1;5,81;
1603022;"Bierawa (2)";413,3;6,21;
1603032;"Cisek (2)";239,2;3,06;
1603052;"Polska Cerekiew (2)";748,5;11,38;
1603062;"Reńska Wieś (2)";1253,4;14,82;
1604000;"Powiat kluczborski";288,8;3,78;
1604013;"Byczyna (3)";202,3;4,03;
1604023;"Kluczbork (3)";926,4;5,63;
1604043;"Wołczyn (3)";33,2;0,60;
1605000;"Powiat krapkowicki";670,0;4,68;
1605013;"Gogolin (3)";865,1;6,89;
1605023;"Krapkowice (3)";760,5;3,31;
1605032;"Strzeleczki (2)";340,8;5,45;
1605053;"Zdzieszowice (3)";1653,9;6,12;
1606000;"Powiat namysłowski";454,4;7,99;
1606012;"Domaszowice (2)";140,3;4,48;
1606023;"Namysłów (3)";937,4;10,38;
1606032;"Pokój (2)";233,2;6,03;
1606052;"Wilków (2)";208,5;4,82;
1607000;"Powiat nyski";589,1;5,35;
1607013;"Głuchołazy (3)";737,8;5,30;
1607033;"Korfantów (3)";16,7;0,35;
1607042;"Łambinowice (2)";32,3;0,54;
1607053;"Nysa (3)";1355,3;5,21;
1607063;"Otmuchów (3)";1334,0;18,72;
1607073;"Paczków (3)";100,0;0,64;
1607092;"Skoroszyce (2)";356,2;6,00;
1608000;"Powiat oleski";586,6;8,95;
1608013;"Dobrodzień (3)";319,4;5,34;
1608023;"Gorzów Śląski (3)";650,6;14,07;
1608033;"Olesno (3)";1141,6;15,59;
1608043;"Praszka (3)";766,8;5,91;
1608052;"Radłów (2)";239,6;6,61;
1608062;"Rudniki (2)";169,3;2,10;
1608072;"Zębowice (2)";209,1;5,54;
1609000;"Powiat opolski";458,8;5,70;
1609012;"Chrząstowice (2)";1165,8;13,79;
1609022;"Dąbrowa (2)";87,6;1,21;
1609032;"Dobrzeń Wielki (2)";2836,0;18,90;
1609042;"Komprachcice (2)";988,3;5,49;
1609052;"Łubniany (2)";587,1;7,45;
1609073;"Niemodlin (3)";109,2;1,52;
1609083;"Ozimek (3)";437,7;2,83;
1609092;"Popielów (2)";364,7;8,03;
1609103;"Prószków (3)";279,0;3,63;
1609112;"Tarnów Opolski (2)";855,7;7,27;
1609123;"Tułowice (3)";640,0;10,01;
1610000;"Powiat prudnicki";664,9;6,94;
1610013;"Biała (3)";606,4;11,29;
1610023;"Głogówek (3)";258,9;3,35;
1610032;"Lubrza (2)";661,8;12,84;
1610043;"Prudnik (3)";1325,0;6,04;
1611000;"Powiat strzelecki";526,7;5,30;
1611022;"Jemielnica (2)";572,9;9,00;
1611033;"Kolonowskie (3)";287,2;4,09;
1611043;"Leśnica (3)";1118,7;14,09;
1611053;"Strzelce Opolskie (3)";459,2;3,07;
1611063;"Ujazd (3)";660,2;8,56;
1611073;"Zawadzkie (3)";596,5;4,37;
1661000;"Powiat m.Opole";6978,8;8,13;
1661011;"Opole (1)";6978,8;8,13;
1800000;"PODKARPACKIE";378,5;3,18;
1802000;"Powiat brzozowski";148,3;1,22;
1802013;"Brzozów (3)";106,7;0,41;
1802062;"Nozdrzec (2)";571,3;8,72;
1803000;"Powiat dębicki";383,3;2,21;
1803011;"Dębica (1)";4581,7;3,43;
1803023;"Brzostek (3)";114,4;1,08;
1803042;"Dębica (2)";275,6;1,47;
1803063;"Pilzno (3)";205,9;1,86;
1803072;"Żyraków (2)";516,4;3,99;
1804000;"Powiat jarosławski";137,1;1,18;
1804062;"Pawłosiów (2)";274,1;1,54;
1804112;"Wiązownica (2)";524,6;10,90;
1805000;"Powiat jasielski";21,7;0,16;
1805011;"Jasło (1)";383,4;0,41;
1805092;"Skołyszyn (2)";25,5;0,16;
1805112;"Tarnowiec (2)";32,0;0,22;
1806000;"Powiat kolbuszowski";147,4;1,84;
1806023;"Kolbuszowa (3)";298,5;2,07;
1806032;"Majdan Królewski (2)";405,8;6,42;
1807000;"Powiat krośnieński";4,0;0,04;
1807043;"Jedlicze (3)";68,3;0,26;
1808000;"Powiat leżajski";349,5;2,96;
1808011;"Leżajsk (1)";1409,1;2,13;
1808042;"Leżajsk (2)";618,4;6,07;
1808053;"Nowa Sarzyna (3)";361,8;2,42;
1809000;"Powiat lubaczowski";243,8;5,83;
1809011;"Lubaczów (1)";3886,5;8,45;
1809023;"Cieszanów (3)";792,9;24,60;
1809042;"Lubaczów (2)";221,8;4,91;
1810000;"Powiat łańcucki";128,4;0,71;
1810011;"Łańcut (1)";2986,6;3,28;
1811000;"Powiat mielecki";864,3;5,58;
1811011;"Mielec (1)";14523,4;11,34;
1811022;"Borowa (2)";452,0;4,55;
1811042;"Gawłuszowice (2)";294,0;3,67;
1811073;"Przecław (3)";163,9;1,83;
1811083;"Radomyśl Wielki (3)";143,9;1,61;
1812000;"Powiat niżański";745,9;8,85;
1812012;"Harasiuki (2)";660,0;18,35;
1812022;"Jarocin (2)";1310,7;22,17;
1812032;"Jeżowe (2)";48,4;0,59;
1812042;"Krzeszów (2)";625,8;9,22;
1812053;"Nisko (3)";1074,7;6,90;
1812063;"Rudnik nad Sanem (3)";673,5;5,26;
1812073;"Ulanów (3)";879,6;12,78;
1813000;"Powiat przemyski";38,8;0,64;
1813022;"Dubiecko (2)";90,8;1,53;
1813052;"Krzywcza (2)";84,3;1,67;
1813062;"Medyka (2)";395,9;3,66;
1813102;"Żurawica (2)";10,4;0,08;
1814000;"Powiat przeworski";44,4;0,40;
1814073;"Sieniawa (3)";23,5;0,43;
1814082;"Tryńcza (2)";399,7;3,29;
1815000;"Powiat ropczycko-sędziszowski";144,1;1,06;
1815033;"Ropczyce (3)";280,4;1,42;
1815043;"Sędziszów Małopolski (3)";259,7;1,68;
1816000;"Powiat rzeszowski";345,2;2,32;
1816011;"Dynów (1)";285,1;1,15;
1816023;"Błażowa (3)";1083,5;11,26;
1816033;"Boguchwała (3)";236,1;1,00;
1816052;"Dynów (2)";319,3;5,56;
1816063;"Głogów Małopolski (3)";347,7;2,51;
1816113;"Sokołów Małopolski (3)";52,2;0,41;
1816122;"Świlcza (2)";443,7;2,94;
1816132;"Trzebownisko (2)";852,9;3,40;
1816143;"Tyczyn (3)";484,0;2,44;
1817000;"Powiat sanocki";45,0;0,55;
1817011;"Sanok (1)";1365,5;1,41;
1818000;"Powiat stalowowolski";1145,8;9,04;
1818011;"Stalowa Wola (1)";5901,6;8,17;
1818022;"Bojanów (2)";78,1;1,84;
1818032;"Pysznica (2)";1165,7;15,09;
1818042;"Radomyśl nad Sanem (2)";1090,4;19,92;
1818053;"Zaklików (3)";544,2;12,95;
1818062;"Zaleszany (2)";286,8;2,27;
1819000;"Powiat strzyżowski";59,6;0,49;
1819012;"Czudec (2)";23,6;0,17;
1819043;"Strzyżów (3)";199,5;1,36;
1820000;"Powiat tarnobrzeski";124,7;1,23;
1820013;"Baranów Sandomierski (3)";263,3;2,72;
1820022;"Gorzyce (2)";479,0;2,53;
1821000;"Powiat leski";2,4;0,08;
1821022;"Cisna (2)";7,0;1,13;
1861000;"Powiat m.Krosno";5172,4;4,90;
1861011;"Krosno (1)";5172,4;4,90;
1862000;"Powiat m.Przemyśl";7602,3;5,87;
1862011;"Przemyśl (1)";7602,3;5,87;
1863000;"Powiat m.Rzeszów";13111,1;8,44;
1863011;"Rzeszów (1)";13111,1;8,44;
1864000;"Powiat m.Tarnobrzeg";3290,4;6,06;
1864011;"Tarnobrzeg (1)";3290,4;6,06;
2000000;"PODLASKIE";362,6;6,24;
2001000;"Powiat augustowski";344,1;9,90;
2001011;"Augustów (1)";5043,3;13,62;
2001043;"Lipsk (3)";114,0;4,22;
2001052;"Nowinka (2)";53,9;3,74;
2001062;"Płaska (2)";351,5;50,58;
2002000;"Powiat białostocki";457,6;9,03;
2002013;"Choroszcz (3)";1221,1;12,67;
2002023;"Czarna Białostocka (3)";639,7;11,77;
2002032;"Dobrzyniewo Duże (2)";124,1;2,08;
2002042;"Gródek (2)";20,9;1,77;
2002052;"Juchnowiec Kościelny (2)";1047,9;10,63;
2002063;"Łapy (3)";885,2;5,22;
2002073;"Michałowo (3)";246,3;15,67;
2002093;"Supraśl (3)";1103,1;13,00;
2002112;"Turośń Kościelna (2)";443,2;9,50;
2002123;"Tykocin (3)";342,4;11,51;
2002133;"Wasilków (3)";881,1;6,20;
2002143;"Zabłudów (3)";453,3;16,41;
2003000;"Powiat bielski";235,4;6,07;
2003011;"Bielsk Podlaski (1)";11847,5;12,78;
2003032;"Bielsk Podlaski (2)";14,0;0,92;
2004000;"Powiat grajewski";85,8;1,77;
2004011;"Grajewo (1)";3695,9;3,22;
2004062;"Wąsosz (2)";110,1;3,66;
2005000;"Powiat hajnowski";226,7;8,76;
2005011;"Hajnówka (1)";2865,2;3,01;
2005022;"Białowieża (2)";49,2;4,69;
2005032;"Czeremcha (2)";185,9;5,87;
2005042;"Czyże (2)";141,2;9,86;
2005052;"Dubicze Cerkiewne (2)";832,0;87,93;
2005062;"Hajnówka (2)";426,7;32,75;
2005073;"Kleszczele (3)";63,0;3,74;
2006000;"Powiat kolneński";61,7;1,53;
2006011;"Kolno (1)";2313,5;5,72;
2007000;"Powiat łomżyński";156,5;4,17;
2007013;"Jedwabne (3)";62,8;1,91;
2007022;"Łomża (2)";686,2;12,62;
2007043;"Nowogród (3)";474,3;12,02;
2007092;"Zbójna (2)";64,6;2,88;
2008000;"Powiat moniecki";62,2;2,15;
2008013;"Goniądz (3)";228,4;17,56;
2009000;"Powiat sejneński";188,3;8,18;
2009011;"Sejny (1)";4454,3;3,88;
2009032;"Krasnopol (2)";822,2;37,54;
2010000;"Powiat siemiatycki";235,0;7,86;
2010011;"Siemiatycze (1)";5020,7;12,81;
2010023;"Drohiczyn (3)";250,0;8,46;
2010042;"Grodzisk (2)";290,6;14,27;
2010052;"Mielnik (2)";15,3;1,31;
2010082;"Perlejewo (2)";441,1;17,24;
2011000;"Powiat sokólski";58,9;1,84;
2011022;"Janów (2)";38,5;2,00;
2011072;"Sidra (2)";178,1;9,23;
2011083;"Sokółka (3)";261,5;3,26;
2012000;"Powiat suwalski";221,9;8,15;
2012012;"Bakałarzewo (2)";114,2;4,53;
2012032;"Jeleniewo (2)";182,7;7,60;
2012052;"Raczki (2)";28,1;0,68;
2012072;"Suwałki (2)";899,4;30,41;
2012092;"Wiżajny (2)";89,4;4,33;
2013000;"Powiat wysokomazowiecki";217,2;4,96;
2013011;"Wysokie Mazowieckie (1)";7021,0;11,46;
2013023;"Ciechanowiec (3)";517,0;12,24;
2013033;"Czyżew (3)";529,1;10,92;
2014000;"Powiat zambrowski";207,3;3,52;
2014011;"Zambrów (1)";7571,0;6,57;
2014042;"Szumowo (2)";56,7;1,68;
2061000;"Powiat m.Białystok";15558,6;5,35;
2061011;"Białystok (1)";15558,6;5,35;
2062000;"Powiat m.Łomża";11141,7;5,82;
2062011;"Łomża (1)";11141,7;5,82;
2063000;"Powiat m.Suwałki";14547,4;13,68;
2063011;"Suwałki (1)";14547,4;13,68;
2200000;"POMORSKIE";807,3;6,30;
2201000;"Powiat bytowski";229,9;6,37;
2201012;"Borzytuchom (2)";635,8;20,30;
2201023;"Bytów (3)";523,1;4,06;
2201032;"Czarna Dąbrówka (2)";47,0;2,35;
2201063;"Miastko (3)";457,0;11,03;
2201092;"Trzebielino (2)";26,6;1,62;
2201102;"Tuchomie (2)";898,4;22,96;
2202000;"Powiat chojnicki";1436,7;20,07;
2202011;"Chojnice (1)";13830,8;7,34;
2202023;"Brusy (3)";1036,3;28,37;
2202032;"Chojnice (2)";1900,9;44,67;
2202043;"Czersk (3)";862,9;15,18;
2202052;"Konarzyny (2)";526,8;24,07;
2203000;"Powiat człuchowski";302,2;8,53;
2203011;"Człuchów (1)";13067,3;12,39;
2203023;"Czarne (3)";68,1;1,79;
2203032;"Człuchów (2)";287,7;9,27;
2203043;"Debrzno (3)";330,3;8,26;
2203052;"Koczała (2)";94,0;6,31;
2203062;"Przechlewo (2)";385,3;14,98;
2204000;"Powiat gdański";1133,9;7,48;
2204011;"Pruszcz Gdański (1)";10989,7;5,73;
2204022;"Cedry Wielkie (2)";1102,4;19,61;
2204032;"Kolbudy (2)";1306,6;5,95;
2204042;"Pruszcz Gdański (2)";2148,8;9,60;
2204052;"Przywidz (2)";69,6;1,50;
2204062;"Pszczółki (2)";1276,9;6,45;
2204072;"Suchy Dąb (2)";331,3;6,59;
2204082;"Trąbki Wielkie (2)";393,7;5,69;
2205000;"Powiat kartuski";939,7;7,42;
2205012;"Chmielno (2)";1144,9;11,43;
2205023;"Kartuzy (3)";1070,5;6,49;
2205032;"Przodkowo (2)";164,4;1,41;
2205042;"Sierakowice (2)";801,2;7,17;
2205052;"Somonino (2)";606,5;6,21;
2205062;"Stężyca (2)";2810,5;41,90;
2205072;"Sulęczyno (2)";68,5;1,60;
2205083;"Żukowo (3)";329,2;1,27;
2206000;"Powiat kościerski";304,5;4,87;
2206011;"Kościerzyna (1)";16330,4;10,89;
2206032;"Karsin (2)";147,6;3,99;
2206072;"Nowa Karczma (2)";626,1;10,06;
2207000;"Powiat kwidzyński";750,0;7,55;
2207011;"Kwidzyn (1)";11327,8;6,37;
2207032;"Kwidzyn (2)";1239,3;22,47;
2207043;"Prabuty (3)";634,1;9,62;
2208000;"Powiat lęborski";775,7;8,31;
2208011;"Lębork (1)";9518,5;4,84;
2208021;"Łeba (1)";5434,8;25,42;
2208042;"Nowa Wieś Lęborska (2)";499,2;9,79;
2208052;"Wicko (2)";715,3;25,52;
2209000;"Powiat malborski";1179,6;9,22;
2209011;"Malbork (1)";11713,3;5,28;
2209032;"Lichnowy (2)";562,4;10,83;
2209042;"Malbork (2)";1152,3;23,88;
2209073;"Nowy Staw (3)";1321,1;19,92;
2209082;"Stare Pole (2)";817,7;13,81;
2210000;"Powiat nowodworski";284,8;5,42;
2210011;"Krynica Morska (1)";16,9;1,55;
2210023;"Nowy Dwór Gdański (3)";820,8;9,94;
2210052;"Sztutowo (2)";134,5;4,14;
2211000;"Powiat pucki";2002,8;13,29;
2211011;"Hel (1)";4357,3;31,13;
2211023;"Jastarnia (3)";16733,5;46,06;
2211031;"Puck (1)";10855,9;4,67;
2211043;"Władysławowo (3)";7324,0;20,21;
2211052;"Kosakowo (2)";2313,5;7,06;
2211062;"Krokowa (2)";1403,5;27,75;
2211072;"Puck (2)";505,5;4,43;
2212000;"Powiat słupski";378,9;8,83;
2212011;"Ustka (1)";11874,4;7,96;
2212062;"Kobylnica (2)";873,3;16,12;
2212072;"Potęgowo (2)";48,1;1,61;
2212082;"Słupsk (2)";1429,0;20,19;
2212102;"Ustka (2)";708,2;18,57;
2213000;"Powiat starogardzki";500,2;5,25;
2213013;"Czarna Woda (3)";504,9;4,47;
2213021;"Skórcz (1)";12396,7;12,49;
2213031;"Starogard Gdański (1)";8979,4;4,80;
2213052;"Kaliska (2)";289,4;5,89;
2213072;"Osieczna (2)";73,2;3,12;
2213093;"Skarszewy (3)";412,8;4,68;
2213102;"Skórcz (2)";41,3;0,86;
2213112;"Smętowo Graniczne (2)";279,0;4,64;
2213122;"Starogard Gdański (2)";1151,8;13,40;
2213132;"Zblewo (2)";159,7;1,84;
2214000;"Powiat tczewski";621,1;3,76;
2214011;"Tczew (1)";10992,0;4,14;
2214043;"Pelplin (3)";609,8;5,37;
2214052;"Subkowy (2)";77,1;1,09;
2214062;"Tczew (2)";556,9;6,19;
2215000;"Powiat wejherowski";570,3;3,34;
2215011;"Reda (1)";3676,0;4,61;
2215021;"Rumia (1)";5215,9;3,17;
2215031;"Wejherowo (1)";6483,9;3,56;
2215052;"Gniewino (2)";243,9;5,77;
2215062;"Linia (2)";642,7;11,92;
2215072;"Luzino (2)";269,1;1,78;
2215092;"Szemud (2)";90,4;0,86;
2215102;"Wejherowo (2)";576,6;4,12;
2216000;"Powiat sztumski";403,7;7,18;
2216013;"Dzierzgoń (3)";122,1;1,74;
2216022;"Mikołajki Pomorskie (2)";87,3;2,21;
2216042;"Stary Targ (2)";113,2;2,58;
2216053;"Sztum (3)";1408,4;14,02;
2261000;"Powiat m.Gdańsk";7749,3;4,31;
2261011;"Gdańsk (1)";7749,3;4,31;
2262000;"Powiat m.Gdynia";5061,4;2,79;
2262011;"Gdynia (1)";5061,4;2,79;
2263000;"Powiat m.Słupsk";11286,2;5,42;
2263011;"Słupsk (1)";11286,2;5,42;
2264000;"Powiat m.Sopot";12905,1;6,32;
2264011;"Sopot (1)";12905,1;6,32;
2400000;"ŚLĄSKIE";968,9;2,66;
2401000;"Powiat będziński";1452,8;3,59;
2401011;"Będzin (1)";4121,0;2,75;
2401021;"Czeladź (1)";12393,2;6,54;
2401031;"Wojkowice (1)";625,5;0,90;
2401042;"Bobrowniki (2)";1418,0;6,02;
2401073;"Siewierz (3)";799,3;7,35;
2402000;"Powiat bielski";584,3;1,61;
2402011;"Szczyrk (1)";921,4;6,30;
2402032;"Buczkowice (2)";4676,3;8,11;
2402043;"Czechowice-Dziedzice (3)";315,9;0,46;
2402062;"Jaworze (2)";4874,6;13,84;
2402102;"Wilkowice (2)";494,2;1,27;
2403000;"Powiat cieszyński";421,8;1,73;
2403011;"Cieszyn (1)";2411,7;2,03;
2403021;"Ustroń (1)";948,7;3,50;
2403031;"Wisła (1)";653,5;6,54;
2403052;"Chybie (2)";2519,7;8,14;
2403092;"Istebna (2)";106,7;0,74;
2403122;"Zebrzydowice (2)";531,1;1,66;
2404000;"Powiat częstochowski";296,3;3,36;
2404013;"Blachownia (3)";180,2;0,94;
2404022;"Dąbrowa Zielona (2)";578,8;15,07;
2404032;"Janów (2)";81,8;2,01;
2404042;"Kamienica Polska (2)";753,5;6,35;
2404052;"Kłomnice (2)";74,5;0,82;
2404063;"Koniecpol (3)";13,6;0,22;
2404072;"Konopiska (2)";1069,9;7,83;
2404102;"Mstów (2)";33,5;0,37;
2404122;"Olsztyn (2)";1081,6;15,06;
2404132;"Poczesna (2)";100,0;0,47;
2404152;"Rędziny (2)";654,9;2,74;
2404162;"Starcza (2)";4081,6;28,74;
2405000;"Powiat gliwicki";257,4;1,48;
2405011;"Knurów (1)";1767,3;1,59;
2405021;"Pyskowice (1)";1100,7;1,84;
2405032;"Gierałtowice (2)";578,0;1,80;
2405042;"Pilchowice (2)";329,4;1,89;
2405063;"Sośnicowice (3)";274,7;3,59;
2406000;"Powiat kłobucki";87,8;0,92;
2406013;"Kłobuck (3)";84,6;0,54;
2406023;"Krzepice (3)";342,0;3,00;
2406072;"Popów (2)";176,0;3,08;
2406082;"Przystajń (2)";247,7;3,76;
2407000;"Powiat lubliniecki";1002,1;10,83;
2407011;"Lubliniec (1)";2439,6;9,26;
2407022;"Boronów (2)";750,7;12,47;
2407032;"Ciasna (2)";992,9;18,00;
2407042;"Herby (2)";1524,9;19,35;
2407052;"Kochanowice (2)";912,3;10,49;
2407062;"Koszęcin (2)";503,2;5,50;
2407072;"Pawonków (2)";1034,2;18,59;
2407083;"Woźniki (3)";297,8;3,97;
2408000;"Powiat mikołowski";175,9;0,41;
2408021;"Mikołów (1)";429,2;0,83;
2408042;"Ornontowice (2)";453,1;1,13;
2409000;"Powiat myszkowski";388,1;2,64;
2409011;"Myszków (1)";869,7;2,05;
2409023;"Koziegłowy (3)";131,5;1,46;
2409042;"Poraj (2)";1296,9;6,84;
2409053;"Żarki (3)";267,3;3,19;
2410000;"Powiat pszczyński";498,8;2,10;
2410012;"Goczałkowice-Zdrój (2)";548,6;3,86;
2410022;"Kobiór (2)";332,0;3,22;
2410032;"Miedźna (2)";678,8;2,04;
2410042;"Pawłowice (2)";766,4;3,19;
2410053;"Pszczyna (3)";578,0;1,91;
2411000;"Powiat raciborski";1004,1;5,08;
2411011;"Racibórz (1)";4746,0;6,56;
2411042;"Krzyżanowice (2)";1979,9;12,34;
2411082;"Rudnik (2)";703,8;10,10;
2412000;"Powiat rybnicki";120,7;0,35;
2412042;"Lyski (2)";470,5;2,79;
2413000;"Powiat tarnogórski";242,2;1,11;
2413011;"Kalety (1)";380,1;3,39;
2413021;"Miasteczko Śląskie (1)";162,2;1,48;
2413031;"Radzionków (1)";4697,0;3,67;
2413041;"Tarnowskie Góry (1)";23,8;0,03;
2413052;"Krupski Młyn (2)";307,1;3,78;
2413062;"Ożarowice (2)";435,9;3,44;
2413072;"Świerklaniec (2)";44,8;0,16;
2413082;"Tworóg (2)";24,0;0,36;
2413092;"Zbrosławice (2)";101,1;0,92;
2414000;"Powiat bieruńsko-lędziński";2402,8;6,35;
2414011;"Bieruń (1)";4272,7;8,93;
2414021;"Imielin (1)";2143,6;6,47;
2414031;"Lędziny (1)";2306,5;4,36;
2414042;"Bojszowy (2)";1729,6;7,46;
2414052;"Chełm Śląski (2)";600,1;2,19;
2415000;"Powiat wodzisławski";631,2;1,16;
2415011;"Pszów (1)";244,6;0,36;
2415021;"Radlin (1)";478,9;0,34;
2415031;"Rydułtowy (1)";802,7;0,56;
2415041;"Wodzisław Śląski (1)";969,5;1,01;
2415052;"Godów (2)";446,8;1,23;
2415062;"Gorzyce (2)";511,0;1,54;
2415072;"Lubomia (2)";1436,1;7,59;
2416000;"Powiat zawierciański";404,1;3,47;
2416011;"Poręba (1)";350,1;1,65;
2416021;"Zawiercie (1)";938,4;1,64;
2416042;"Kroczyce (2)";1735,6;30,61;
2416053;"Łazy (3)";225,7;1,89;
2416063;"Ogrodzieniec (3)";472,1;4,44;
2416083;"Szczekociny (3)";373,3;6,63;
2417000;"Powiat żywiecki";126,0;0,86;
2417011;"Żywiec (1)";435,3;0,72;
2417092;"Milówka (2)";374,2;3,69;
2417112;"Rajcza (2)";441,3;6,66;
2417152;"Węgierska Górka (2)";183,1;0,93;
2461000;"Powiat m.Bielsko-Biała";2770,9;2,03;
2461011;"Bielsko-Biała (1)";2770,9;2,03;
2462000;"Powiat m.Bytom";4262,7;1,81;
2462011;"Bytom (1)";4262,7;1,81;
2463000;"Powiat m.Chorzów";9265,9;2,88;
2463011;"Chorzów (1)";9265,9;2,88;
2464000;"Powiat m.Częstochowa";5322,1;3,91;
2464011;"Częstochowa (1)";5322,1;3,91;
2465000;"Powiat m.Dąbrowa Górnicza";2172,4;3,47;
2465011;"Dąbrowa Górnicza (1)";2172,4;3,47;
2466000;"Powiat m.Gliwice";3622,6;2,74;
2466011;"Gliwice (1)";3622,6;2,74;
2467000;"Powiat m.Jastrzębie-Zdrój";3468,9;3,36;
2467011;"Jastrzębie-Zdrój (1)";3468,9;3,36;
2468000;"Powiat m.Jaworzno";1946,4;3,29;
2468011;"Jaworzno (1)";1946,4;3,29;
2469000;"Powiat m.Katowice";5624,4;3,19;
2469011;"Katowice (1)";5624,4;3,19;
2470000;"Powiat m.Mysłowice";350,5;0,31;
2470011;"Mysłowice (1)";350,5;0,31;
2471000;"Powiat m.Piekary Śląskie";2376,2;1,74;
2471011;"Piekary Śląskie (1)";2376,2;1,74;
2472000;"Powiat m.Ruda Śląska";4155,4;2,37;
2472011;"Ruda Śląska (1)";4155,4;2,37;
2473000;"Powiat m.Rybnik";1914,3;2,07;
2473011;"Rybnik (1)";1914,3;2,07;
2474000;"Powiat m.Siemianowice Śląskie";13254,9;5,10;
2474011;"Siemianowice Śląskie (1)";13254,9;5,10;
2475000;"Powiat m.Sosnowiec";5490,9;2,53;
2475011;"Sosnowiec (1)";5490,9;2,53;
2476000;"Powiat m.Świętochłowice";7888,8;2,14;
2476011;"Świętochłowice (1)";7888,8;2,14;
2477000;"Powiat m.Tychy";8189,7;5,28;
2477011;"Tychy (1)";8189,7;5,28;
2478000;"Powiat m.Zabrze";3184,1;1,50;
2478011;"Zabrze (1)";3184,1;1,50;
2479000;"Powiat m.Żory";3480,8;3,58;
2479011;"Żory (1)";3480,8;3,58;
2600000;"ŚWIĘTOKRZYSKIE";335,4;3,21;
2601000;"Powiat buski";176,7;2,40;
2601013;"Busko-Zdrój (3)";131,6;0,97;
2601033;"Nowy Korczyn (3)";188,6;3,80;
2601052;"Solec-Zdrój (2)";364,5;6,16;
2601063;"Stopnica (3)";127,0;2,11;
2601072;"Tuczępy (2)";322,9;7,32;
2601083;"Wiślica (3)";438,6;8,12;
2602000;"Powiat jędrzejowski";137,6;2,04;
2602023;"Jędrzejów (3)";458,9;3,75;
2602033;"Małogoszcz (3)";136,9;1,74;
2602042;"Nagłowice (2)";272,8;6,57;
2602063;"Sędziszów (3)";116,7;1,38;
2603000;"Powiat kazimierski";289,0;3,66;
2603022;"Czarnocin (2)";995,4;18,80;
2603033;"Kazimierza Wielka (3)";150,2;1,31;
2603043;"Opatowiec (3)";175,0;3,72;
2603053;"Skalbmierz (3)";221,1;2,98;
2604000;"Powiat kielecki";403,4;4,29;
2604012;"Bieliny (2)";1122,2;9,65;
2604023;"Bodzentyn (3)";638,5;8,93;
2604033;"Chęciny (3)";1146,1;9,71;
2604043;"Chmielnik (3)";218,0;2,78;
2604053;"Daleszyce (3)";683,5;9,60;
2604062;"Górno (2)";1142,4;6,49;
2604082;"Łopuszno (2)";389,8;7,73;
2604092;"Masłów (2)";654,6;5,03;
2604123;"Morawica (3)";320,6;2,66;
2604133;"Nowa Słupia (3)";688,0;6,30;
2604142;"Piekoszów (2)";252,5;1,58;
2604162;"Raków (2)";15,7;0,54;
2604172;"Nowiny (2)";504,3;2,90;
2605000;"Powiat konecki";336,9;4,86;
2605022;"Gowarczów (2)";19,8;0,44;
2605033;"Końskie (3)";883,5;6,34;
2605043;"Radoszyce (3)";1050,2;17,58;
2605083;"Stąporków (3)";30,2;0,42;
2606000;"Powiat opatowski";214,1;3,78;
2606022;"Iwaniska (2)";791,3;12,74;
2606053;"Ożarów (3)";523,8;9,09;
2606082;"Wojciechowice (2)";185,1;4,01;
2607000;"Powiat ostrowiecki";1183,6;6,78;
2607011;"Ostrowiec Świętokrzyski (1)";10316,6;7,11;
2607022;"Bałtów (2)";942,2;29,56;
2607032;"Bodzechów (2)";548,3;5,08;
2607043;"Ćmielów (3)";720,9;11,67;
2608000;"Powiat pińczowski";101,2;1,61;
2608043;"Pińczów (3)";291,3;3,04;
2609000;"Powiat sandomierski";230,8;2,04;
2609011;"Sandomierz (1)";1185,1;1,48;
2609033;"Klimontów (3)";881,9;11,02;
2609043;"Koprzywnica (3)";490,4;5,20;
2610000;"Powiat skarżyski";88,5;0,48;
2610011;"Skarżysko-Kamienna (1)";543,6;0,79;
2611000;"Powiat starachowicki";263,7;1,56;
2611011;"Starachowice (1)";2042,7;1,36;
2611022;"Brody (2)";297,6;4,46;
2611053;"Wąchock (3)";305,5;3,71;
2612000;"Powiat staszowski";126,5;1,64;
2612043;"Osiek (3)";100,5;1,71;
2612053;"Połaniec (3)";253,3;1,63;
2612073;"Staszów (3)";325,2;2,91;
2612083;"Szydłów (3)";101,9;2,40;
2613000;"Powiat włoszczowski";110,1;2,23;
2613022;"Krasocin (2)";134,9;2,45;
2613052;"Secemin (2)";49,2;1,69;
2613063;"Włoszczowa (3)";259,2;3,45;
2661000;"Powiat m.Kielce";5827,6;3,30;
2661011;"Kielce (1)";5827,6;3,30;
2800000;"WARMIŃSKO-MAZURSKIE";280,2;4,78;
2801000;"Powiat bartoszycki";123,9;2,86;
2801011;"Bartoszyce (1)";3647,2;1,87;
2801021;"Górowo Iławeckie (1)";9638,6;8,23;
2801032;"Bartoszyce (2)";46,8;1,88;
2801043;"Bisztynek (3)";19,7;0,65;
2801052;"Górowo Iławeckie (2)";146,7;8,99;
2801063;"Sępopol (3)";8,1;0,33;
2802000;"Powiat braniewski";76,6;2,26;
2802011;"Braniewo (1)";4029,0;2,95;
2802022;"Braniewo (2)";81,6;4,16;
2802053;"Pieniężno (3)";70,0;2,78;
2803000;"Powiat działdowski";265,2;3,91;
2803011;"Działdowo (1)";8282,5;4,49;
2803022;"Działdowo (2)";227,8;6,31;
2803032;"Iłowo-Osada (2)";48,2;0,70;
2803043;"Lidzbark (3)";160,9;2,94;
2803052;"Płośnica (2)";73,5;2,17;
2803062;"Rybno (2)";256,0;5,31;
2804000;"Powiat elbląski";240,2;5,97;
2804012;"Elbląg (2)";650,9;16,46;
2804073;"Pasłęk (3)";322,1;4,43;
2804082;"Rychliki (2)";828,0;29,25;
2804093;"Tolkmicko (3)";101,0;3,22;
2805000;"Powiat ełcki";231,0;2,81;
2805011;"Ełk (1)";10973,9;3,73;
2805022;"Ełk (2)";68,6;2,18;
2806000;"Powiat giżycki";119,7;2,38;
2806011;"Giżycko (1)";5685,1;2,69;
2806042;"Giżycko (2)";171,7;5,91;
2806052;"Kruklanki (2)";24,8;1,61;
2807000;"Powiat iławski";483,0;7,22;
2807011;"Iława (1)";17138,9;11,29;
2807021;"Lubawa (1)";5938,2;9,64;
2807032;"Iława (2)";264,0;8,57;
2807052;"Lubawa (2)";169,2;3,73;
2807063;"Susz (3)";142,8;2,93;
2807073;"Zalewo (3)";19,7;0,75;
2808000;"Powiat kętrzyński";336,4;6,60;
2808011;"Kętrzyn (1)";8309,2;3,21;
2808022;"Barciany (2)";306,0;14,93;
2808032;"Kętrzyn (2)";189,2;6,56;
2808043;"Korsze (3)";304,2;7,97;
2808062;"Srokowo (2)";525,3;27,40;
2809000;"Powiat lidzbarski";273,5;6,19;
2809011;"Lidzbark Warmiński (1)";7247,4;6,71;
2809032;"Lidzbark Warmiński (2)";96,7;5,35;
2809053;"Orneta (3)";462,7;9,56;
2810000;"Powiat mrągowski";143,6;3,09;
2810011;"Mrągowo (1)";7157,3;4,98;
2810023;"Mikołajki (3)";93,6;2,97;
2810032;"Mrągowo (2)";23,7;0,87;
2810042;"Piecki (2)";50,9;2,12;
2811000;"Powiat nidzicki";280,0;8,24;
2811032;"Kozłowo (2)";66,9;2,87;
2811043;"Nidzica (3)";665,3;12,06;
2812000;"Powiat nowomiejski";425,1;6,75;
2812011;"Nowe Miasto Lubawskie (1)";4925,2;5,23;
2812022;"Biskupiec (2)";99,7;2,58;
2812032;"Grodziczno (2)";142,5;3,52;
2812042;"Kurzętnik (2)";690,8;11,28;
2812052;"Nowe Miasto Lubawskie (2)";650,0;10,83;
2813000;"Powiat olecki";80,1;2,06;
2813032;"Kowale Oleckie (2)";147,3;7,50;
2813043;"Olecko (3)";123,7;1,50;
2814000;"Powiat olsztyński";183,9;4,09;
2814013;"Barczewo (3)";93,7;1,65;
2814023;"Biskupiec (3)";416,7;6,40;
2814033;"Dobre Miasto (3)";38,7;0,64;
2814042;"Dywity (2)";502,6;6,60;
2814052;"Gietrzwałd (2)";325,0;8,30;
2814072;"Jonkowo (2)";124,5;2,80;
2814093;"Olsztynek (3)";64,6;1,76;
2814102;"Purda (2)";62,9;2,29;
2814112;"Stawiguda (2)";713,4;14,19;
2815000;"Powiat ostródzki";173,2;2,96;
2815011;"Ostróda (1)";15547,7;6,72;
2815042;"Łukta (2)";42,9;1,80;
2815083;"Morąg (3)";199,2;2,59;
2815092;"Ostróda (2)";39,9;0,99;
2816000;"Powiat piski";136,4;4,33;
2816023;"Orzysz (3)";135,1;5,55;
2816033;"Pisz (3)";279,3;6,43;
2816043;"Ruciane-Nida (3)";44,7;2,01;
2817000;"Powiat szczycieński";169,7;4,75;
2817011;"Szczytno (1)";6214,7;2,89;
2817043;"Pasym (3)";415,5;11,71;
2817062;"Szczytno (2)";366,8;9,60;
2817072;"Świętajno (2)";232,5;11,36;
2817083;"Wielbark (3)";23,0;1,24;
2818000;"Powiat gołdapski";312,1;9,10;
2818012;"Banie Mazurskie (2)";122,0;6,92;
2818022;"Dubeninki (2)";243,6;17,50;
2818033;"Gołdap (3)";458,5;8,29;
2819000;"Powiat węgorzewski";442,9;13,68;
2819012;"Budry (2)";262,9;16,67;
2819033;"Węgorzewo (3)";764,3;15,87;
2861000;"Powiat m.Elbląg";5788,0;3,90;
2861011;"Elbląg (1)";5788,0;3,90;
2862000;"Powiat m.Olsztyn";11445,7;5,90;
2862011;"Olsztyn (1)";11445,7;5,90;
3000000;"WIELKOPOLSKIE";725,3;6,19;
3001000;"Powiat chodzieski";636,4;9,31;
3001011;"Chodzież (1)";6499,6;4,55;
3001022;"Budzyń (2)";334,8;8,24;
3001032;"Chodzież (2)";79,8;2,77;
3001043;"Margonin (3)";1340,0;25,57;
3001053;"Szamocin (3)";794,5;13,44;
3002000;"Powiat czarnkowsko-trzcianecki";287,4;5,99;
3002011;"Czarnków (1)";12192,7;11,85;
3002022;"Czarnków (2)";63,6;1,92;
3002032;"Drawsko (2)";944,6;26,71;
3002043;"Krzyż Wielkopolski (3)";28,7;0,58;
3002052;"Lubasz (2)";29,9;0,65;
3002073;"Trzcianka (3)";387,7;5,99;
3002083;"Wieleń (3)";148,8;5,27;
3003000;"Powiat gnieźnieński";592,0;5,12;
3003011;"Gniezno (1)";2389,2;1,44;
3003023;"Czerniejewo (3)";1348,9;20,44;
3003032;"Gniezno (2)";207,7;2,93;
3003042;"Kiszkowo (2)";559,0;11,70;
3003053;"Kłecko (3)";363,8;6,46;
3003062;"Łubowo (2)";951,2;15,92;
3003082;"Niechanowo (2)";767,3;13,42;
3003093;"Trzemeszno (3)";85,6;1,05;
3003103;"Witkowo (3)";769,2;10,51;
3004000;"Powiat gostyński";649,2;6,95;
3004013;"Borek Wielkopolski (3)";250,7;4,30;
3004023;"Gostyń (3)";1748,3;8,51;
3004033;"Krobia (3)";733,4;7,35;
3004042;"Pępowo (2)";577,4;8,42;
3004052;"Piaski (2)";694,9;8,13;
3004063;"Pogorzela (3)";134,7;2,65;
3004073;"Poniec (3)";197,1;3,37;
3005000;"Powiat grodziski";962,8;11,90;
3005012;"Granowo (2)";1809,5;23,79;
3005023;"Grodzisk Wielkopolski (3)";2783,0;18,36;
3005043;"Rakoniewice (3)";238,8;3,64;
3005053;"Wielichowo (3)";743,6;11,54;
3006000;"Powiat jarociński";684,5;5,63;
3006013;"Jaraczewo (3)";15,0;0,25;
3006023;"Jarocin (3)";1693,9;7,40;
3006043;"Żerków (3)";358,5;5,97;
3007000;"Powiat kaliski";288,8;4,04;
3007012;"Blizanów (2)";311,1;4,93;
3007032;"Ceków-Kolonia (2)";509,6;9,44;
3007042;"Godziesze Wielkie (2)";408,0;4,44;
3007083;"Opatówek (3)";748,1;7,23;
3007093;"Stawiszyn (3)";318,5;3,53;
3007102;"Szczytniki (2)";861,1;12,18;
3008000;"Powiat kępiński";757,9;8,19;
3008012;"Baranów (2)";3091,0;28,68;
3008033;"Kępno (3)";1243,2;6,32;
3008042;"Łęka Opatowska (2)";270,2;3,94;
3008052;"Perzów (2)";212,4;4,25;
3008072;"Trzcinica (2)";533,0;8,11;
3009000;"Powiat kolski";284,0;3,33;
3009011;"Koło (1)";10974,7;7,15;
3009022;"Babiak (2)";142,0;2,43;
3009043;"Dąbie (3)";107,4;2,24;
3009072;"Koło (2)";185,2;2,42;
3009082;"Kościelec (2)";477,8;7,27;
3009102;"Osiek Mały (2)";217,6;3,09;
3009113;"Przedecz (3)";183,1;3,44;
3010000;"Powiat koniński";491,7;5,97;
3010013;"Golina (3)";970,0;7,95;
3010032;"Kazimierz Biskupi (2)";594,5;5,57;
3010043;"Kleczew (3)";634,7;7,07;
3010052;"Kramsk (2)";568,0;6,62;
3010073;"Rychwał (3)";212,0;3,05;
3010082;"Rzgów (2)";754,8;10,89;
3010092;"Skulsk (2)";117,8;1,64;
3010103;"Sompolno (3)";152,8;2,04;
3010112;"Stare Miasto (2)";562,8;4,40;
3010123;"Ślesin (3)";899,5;9,32;
3010132;"Wierzbinek (2)";271,1;5,54;
3010142;"Wilczyn (2)";1322,1;17,79;
3011000;"Powiat kościański";1428,5;13,09;
3011011;"Kościan (1)";16537,2;6,28;
3011023;"Czempiń (3)";1322,2;16,30;
3011032;"Kościan (2)";1891,4;23,64;
3011043;"Krzywiń (3)";648,2;11,69;
3011053;"Śmigiel (3)";1032,8;11,21;
3012000;"Powiat krotoszyński";396,5;3,68;
3012023;"Kobylin (3)";249,8;3,48;
3012033;"Koźmin Wielkopolski (3)";118,1;1,37;
3012043;"Krotoszyn (3)";621,6;3,95;
3012052;"Rozdrażew (2)";517,7;7,96;
3012063;"Zduny (3)";436,0;4,90;
3013000;"Powiat leszczyński";1430,9;19,91;
3013012;"Krzemieniewo (2)";1890,6;25,87;
3013022;"Lipno (2)";1280,7;15,36;
3013033;"Osieczna (3)";1655,8;22,87;
3013043;"Rydzyna (3)";2146,0;29,59;
3013052;"Święciechowa (2)";667,0;10,96;
3013062;"Wijewo (2)";355,8;5,70;
3013072;"Włoszakowice (2)";1487,3;19,48;
3014000;"Powiat międzychodzki";105,9;2,13;
3014012;"Chrzypsko Wielkie (2)";35,5;0,91;
3014033;"Międzychód (3)";110,7;1,86;
3014043;"Sieraków (3)";201,9;4,74;
3015000;"Powiat nowotomyski";699,5;9,38;
3015012;"Kuślin (2)";244,2;4,76;
3015023;"Lwówek (3)";577,5;11,76;
3015032;"Miedzichowo (2)";211,3;11,77;
3015043;"Nowy Tomyśl (3)";1131,7;7,76;
3015053;"Opalenica (3)";1020,8;9,29;
3015063;"Zbąszyń (3)";944,5;12,32;
3016000;"Powiat obornicki";596,3;7,09;
3016013;"Oborniki (3)";1111,6;11,06;
3016023;"Rogoźno (3)";212,7;2,50;
3017000;"Powiat ostrowski";914,6;6,58;
3017011;"Ostrów Wielkopolski (1)";12577,6;7,36;
3017023;"Nowe Skalmierzyce (3)";526,2;4,22;
3017033;"Odolanów (3)";1153,6;10,70;
3017042;"Ostrów Wielkopolski (2)";827,5;8,98;
3017052;"Przygodzice (2)";275,4;3,68;
3017063;"Raszków (3)";646,5;7,32;
3017072;"Sieroszewice (2)";42,9;0,72;
3018000;"Powiat ostrzeszowski";393,5;5,50;
3018012;"Czajków (2)";84,8;2,40;
3018033;"Grabów nad Prosną (3)";517,0;8,23;
3018042;"Kobyla Góra (2)";92,9;1,96;
3018052;"Kraszewice (2)";93,4;1,92;
3018063;"Mikstat (3)";91,8;1,34;
3018073;"Ostrzeszów (3)";1104,6;8,68;
3019000;"Powiat pilski";698,6;6,54;
3019011;"Piła (1)";5434,4;7,69;
3019032;"Kaczory (2)";975,8;18,65;
3019043;"Łobżenica (3)";214,9;4,33;
3019052;"Miasteczko Krajeńskie (2)";211,5;4,77;
3019062;"Szydłowo (2)";172,0;4,92;
3019073;"Ujście (3)";187,3;3,02;
3019083;"Wyrzysk (3)";213,8;2,46;
3019093;"Wysoka (3)";170,7;3,22;
3020000;"Powiat pleszewski";753,1;8,56;
3020013;"Chocz (3)";95,1;1,48;
3020022;"Czermin (2)";540,3;10,74;
3020033;"Dobrzyca (3)";445,5;6,43;
3020042;"Gizałki (2)";553,4;13,07;
3020052;"Gołuchów (2)";1229,0;15,45;
3020063;"Pleszew (3)";1098,0;6,69;
3021000;"Powiat poznański";1082,2;5,06;
3021011;"Luboń (1)";8364,2;3,53;
3021021;"Puszczykowo (1)";4637,0;7,94;
3021033;"Buk (3)";971,5;6,94;
3021042;"Czerwonak (2)";2509,7;7,45;
3021052;"Dopiewo (2)";481,4;1,77;
3021062;"Kleszczewo (2)";308,9;2,46;
3021072;"Komorniki (2)";1551,0;3,27;
3021083;"Kostrzyn (3)";542,6;4,48;
3021093;"Kórnik (3)";725,3;4,37;
3021103;"Mosina (3)";589,2;2,99;
3021113;"Murowana Goślina (3)";992,9;10,09;
3021123;"Pobiedziska (3)";738,5;7,02;
3021132;"Rokietnica (2)";1059,3;4,35;
3021143;"Stęszew (3)";531,4;6,15;
3021152;"Suchy Las (2)";1629,2;10,21;
3021163;"Swarzędz (3)";1385,3;2,70;
3021172;"Tarnowo Podgórne (2)";2516,0;8,86;
3022000;"Powiat rawicki";473,3;4,35;
3022013;"Bojanowo (3)";502,0;7,12;
3022023;"Jutrosin (3)";304,7;4,97;
3022033;"Miejska Górka (3)";67,6;0,76;
3022042;"Pakosław (2)";296,8;4,69;
3022053;"Rawicz (3)";1006,2;4,46;
3023000;"Powiat słupecki";171,8;2,44;
3023011;"Słupca (1)";6116,5;4,64;
3023052;"Powidz (2)";520,5;18,10;
3023072;"Strzałkowo (2)";274,0;3,79;
3024000;"Powiat szamotulski";650,4;7,94;
3024022;"Duszniki (2)";294,3;5,01;
3024032;"Kaźmierz (2)";93,8;1,36;
3024042;"Obrzycko (2)";1037,5;25,57;
3024053;"Ostroróg (3)";117,9;2,03;
3024063;"Pniewy (3)";479,6;6,01;
3024073;"Szamotuły (3)";2501,1;14,54;
3024083;"Wronki (3)";99,4;1,57;
3025000;"Powiat średzki";392,7;4,14;
3025022;"Krzykosy (2)";126,4;1,95;
3025032;"Nowe Miasto nad Wartą (2)";83,3;1,11;
3025043;"Środa Wielkopolska (3)";1018,5;6,42;
3025052;"Zaniemyśl (2)";93,9;1,44;
3026000;"Powiat śremski";378,0;3,53;
3026012;"Brodnica (2)";20,9;0,41;
3026043;"Śrem (3)";1044,3;5,09;
3027000;"Powiat turecki";309,9;3,45;
3027011;"Turek (1)";8967,2;5,48;
3027022;"Brudzew (2)";79,9;1,51;
3027033;"Dobra (3)";60,7;1,32;
3027042;"Kawęczyn (2)";158,3;3,08;
3027052;"Malanów (2)";102,6;1,68;
3027062;"Przykona (2)";802,4;19,21;
3027073;"Tuliszków (3)";33,4;0,48;
3027092;"Władysławów (2)";55,1;0,62;
3028000;"Powiat wągrowiecki";456,9;6,78;
3028011;"Wągrowiec (1)";11665,7;8,12;
3028033;"Gołańcz (3)";260,7;6,11;
3028042;"Mieścisko (2)";111,1;2,54;
3028053;"Skoki (3)";231,7;4,68;
3028062;"Wapno (2)";635,5;9,55;
3028072;"Wągrowiec (2)";368,0;10,37;
3029000;"Powiat wolsztyński";1088,7;12,89;
3029012;"Przemęt (2)";1474,6;23,47;
3029022;"Siedlec (2)";263,9;4,23;
3029033;"Wolsztyn (3)";1416,3;11,60;
3030000;"Powiat wrzesiński";181,9;1,64;
3030012;"Kołaczkowo (2)";146,7;2,84;
3030043;"Pyzdry (3)";174,1;3,50;
3030053;"Września (3)";392,2;1,83;
3031000;"Powiat złotowski";234,9;5,64;
3031011;"Złotów (1)";23747,8;14,92;
3031033;"Krajenka (3)";94,2;2,39;
3031072;"Zakrzewo (2)";80,1;2,66;
3031082;"Złotów (2)";287,4;8,40;
3061000;"Powiat m.Kalisz";7922,8;5,55;
3061011;"Kalisz (1)";7922,8;5,55;
3062000;"Powiat m.Konin";5892,4;6,69;
3062011;"Konin (1)";5892,4;6,69;
3063000;"Powiat m.Leszno";18644,1;9,45;
3063011;"Leszno (1)";18644,1;9,45;
3064000;"Powiat m.Poznań";10538,0;5,19;
3064011;"Poznań (1)";10538,0;5,19;
3200000;"ZACHODNIOPOMORSKIE";443,7;6,02;
3201000;"Powiat białogardzki";305,2;5,45;
3201011;"Białogard (1)";2565,1;2,76;
3201033;"Karlino (3)";1276,3;19,80;
3201043;"Tychowo (3)";34,2;1,79;
3202000;"Powiat choszczeński";171,0;4,73;
3202023;"Choszczno (3)";125,9;1,44;
3202033;"Drawno (3)";9,3;0,60;
3202053;"Pełczyce (3)";782,2;20,36;
3202063;"Recz (3)";199,6;6,61;
3203000;"Powiat drawski";31,2;0,97;
3203013;"Czaplinek (3)";13,7;0,43;
3203023;"Drawsko Pomorskie (3)";9,8;0,24;
3203033;"Kalisz Pomorski (3)";45,8;3,00;
3203063;"Złocieniec (3)";85,8;1,48;
3204000;"Powiat goleniowski";289,1;5,67;
3204023;"Goleniów (3)";937,2;11,48;
3204043;"Nowogard (3)";124,0;1,71;
3204052;"Osina (2)";98,4;3,31;
3205000;"Powiat gryficki";375,1;6,40;
3205023;"Gryfice (3)";76,5;0,85;
3205032;"Karnice (2)";22,5;0,76;
3205043;"Płoty (3)";29,3;0,80;
3205072;"Rewal (2)";2412,2;26,74;
3205083;"Trzebiatów (3)";1102,4;15,63;
3206000;"Powiat gryfiński";277,7;6,38;
3206012;"Banie (2)";402,3;13,27;
3206023;"Cedynia (3)";94,1;4,08;
3206033;"Chojna (3)";331,0;8,08;
3206043;"Gryfino (3)";315,1;2,53;
3206053;"Mieszkowice (3)";33,5;1,14;
3206063;"Moryń (3)";1099,8;32,28;
3206083;"Trzcińsko-Zdrój (3)";211,2;6,96;
3206092;"Widuchowa (2)";229,2;8,90;
3207000;"Powiat kamieński";486,5;10,49;
3207013;"Dziwnów (3)";2886,8;28,94;
3207033;"Kamień Pomorski (3)";656,9;9,64;
3207043;"Międzyzdroje (3)";1025,2;18,60;
3207063;"Wolin (3)";366,3;9,93;
3208000;"Powiat kołobrzeski";949,4;8,68;
3208011;"Kołobrzeg (1)";17569,1;9,76;
3208033;"Gościno (3)";224,1;5,07;
3208042;"Kołobrzeg (2)";1340,0;17,60;
3208052;"Rymań (2)";47,9;1,79;
3208072;"Ustronie Morskie (2)";193,1;3,04;
3209000;"Powiat koszaliński";409,4;10,18;
3209022;"Biesiekierz (2)";360,2;5,83;
3209033;"Bobolice (3)";10,9;0,45;
3209042;"Manowo (2)";297,4;8,09;
3209053;"Mielno (3)";2494,8;31,76;
3209063;"Polanów (3)";50,8;2,34;
3209073;"Sianów (3)";1027,5;16,82;
3209082;"Świeszyno (2)";1259,8;21,90;
3210000;"Powiat myśliborski";256,3;4,63;
3210013;"Barlinek (3)";614,6;8,27;
3210022;"Boleszkowice (2)";84,3;3,87;
3210033;"Dębno (3)";408,3;6,38;
3210043;"Myślibórz (3)";9,1;0,15;
3211000;"Powiat policki";1355,7;11,06;
3211012;"Dobra (Szczecińska) (2)";1351,1;5,95;
3211022;"Kołbaskowo (2)";1602,5;12,26;
3211033;"Nowe Warpno (3)";353,7;43,10;
3211043;"Police (3)";2042,0;12,50;
3212000;"Powiat pyrzycki";177,7;3,29;
3212053;"Pyrzyce (3)";631,7;6,71;
3213000;"Powiat sławieński";493,7;9,23;
3213011;"Darłowo (1)";7422,1;11,05;
3213021;"Sławno (1)";3790,3;4,86;
3213032;"Darłowo (2)";627,2;21,22;
3213052;"Postomino (2)";599,5;19,86;
3214000;"Powiat stargardzki";527,7;6,68;
3214011;"Stargard (1)";6926,0;4,93;
3214042;"Dolice (2)";105,4;3,25;
3214053;"Ińsko (3)";463,5;21,10;
3214062;"Kobylanka (2)";1421,8;29,60;
3214102;"Stargard (2)";335,5;7,57;
3214113;"Suchań (3)";706,5;22,09;
3215000;"Powiat szczecinecki";220,3;5,04;
3215011;"Szczecinek (1)";7116,3;8,66;
3215043;"Borne Sulinowo (3)";90,8;4,47;
3216000;"Powiat świdwiński";337,6;7,95;
3216011;"Świdwin (1)";2725,6;3,98;
3216033;"Połczyn-Zdrój (3)";633,2;14,54;
3216052;"Sławoborze (2)";477,0;22,63;
3217000;"Powiat wałecki";127,2;3,42;
3217011;"Wałcz (1)";2672,3;4,09;
3217023;"Człopa (3)";80,2;5,75;
3217033;"Mirosławiec (3)";103,3;3,92;
3217043;"Tuczno (3)";72,1;3,70;
3217052;"Wałcz (2)";19,1;0,87;
3218000;"Powiat łobeski";15,0;0,44;
3218023;"Łobez (3)";17,6;0,29;
3218043;"Resko (3)";42,1;1,52;
3261000;"Powiat m.Koszalin";8958,7;8,29;
3261011;"Koszalin (1)";8958,7;8,29;
3262000;"Powiat m.Szczecin";4943,4;3,73;
3262011;"Szczecin (1)";4943,4;3,73;
3263000;"Powiat m.Świnoujście";2113,1;10,43;
3263011;"Świnoujście (1)";2113,1;10,43;
