"Kod";"Nazwa";"ogółem;2020;[osoba]";
0000000;"POLSKA";24;
0200000;"DOLNOŚLĄSKIE";23;
0201000;"Powiat bolesławiecki";25;
0201011;"Bolesławiec (1)";25;
0202000;"Powiat dzierżoniowski";27;
0202011;"Bielawa (1)";27;
0202021;"Dzierżoniów (1)";28;
0202033;"Pieszyce (3)";0;
0202034;"Pieszyce - miasto (4)";0;
0203000;"Powiat głogowski";26;
0203011;"Głogów (1)";26;
0204000;"Powiat górowski";23;
0204013;"Góra (3)";23;
0204014;"Góra - miasto (4)";23;
0205000;"Powiat jaworski";26;
0205011;"Jawor (1)";25;
0205023;"Bolków (3)";32;
0205024;"Bolków - miasto (4)";32;
0206000;"Powiat karkonoski";12;
0206011;"Karpacz (1)";7;
0206031;"Piechowice (1)";21;
0207000;"Powiat kamiennogórski";25;
0207011;"Kamienna Góra (1)";25;
0208000;"Powiat kłodzki";21;
0208021;"Kłodzko (1)";21;
0208031;"Kudowa-Zdrój (1)";11;
0208041;"Nowa Ruda (1)";31;
0208051;"Polanica-Zdrój (1)";24;
0208063;"Bystrzyca Kłodzka (3)";26;
0208064;"Bystrzyca Kłodzka - miasto (4)";26;
0208112;"Nowa Ruda (2)";12;
0208133;"Stronie Śląskie (3)";13;
0208134;"Stronie Śląskie - miasto (4)";13;
0209000;"Powiat legnicki";11;
0209011;"Chojnów (1)";11;
0210000;"Powiat lubański";24;
0210011;"Lubań (1)";25;
0210053;"Olszyna (3)";23;
0210055;"Olszyna - obszar wiejski (5)";23;
0211000;"Powiat lubiński";23;
0211011;"Lubin (1)";24;
0211032;"Rudna (2)";10;
0212000;"Powiat lwówecki";20;
0212013;"Gryfów Śląski (3)";21;
0212014;"Gryfów Śląski - miasto (4)";21;
0212023;"Lubomierz (3)";16;
0212024;"Lubomierz - miasto (4)";16;
0212033;"Lwówek Śląski (3)";22;
0212034;"Lwówek Śląski - miasto (4)";22;
0212035;"Lwówek Śląski - obszar wiejski (5)";22;
0212043;"Mirsk (3)";13;
0212044;"Mirsk - miasto (4)";13;
0213000;"Powiat milicki";25;
0213033;"Milicz (3)";25;
0213034;"Milicz - miasto (4)";25;
0214000;"Powiat oleśnicki";23;
0214011;"Oleśnica (1)";26;
0214023;"Bierutów (3)";18;
0214024;"Bierutów - miasto (4)";18;
0214053;"Międzybórz (3)";11;
0214054;"Międzybórz - miasto (4)";11;
0214073;"Syców (3)";24;
0214074;"Syców - miasto (4)";24;
0214083;"Twardogóra (3)";21;
0214084;"Twardogóra - miasto (4)";21;
0215000;"Powiat oławski";26;
0215011;"Oława (1)";27;
0215033;"Jelcz-Laskowice (3)";21;
0215034;"Jelcz-Laskowice - miasto (4)";21;
0216000;"Powiat polkowicki";27;
0216013;"Chocianów (3)";28;
0216014;"Chocianów - miasto (4)";28;
0216043;"Polkowice (3)";26;
0216044;"Polkowice - miasto (4)";26;
0217000;"Powiat strzeliński";21;
0217043;"Strzelin (3)";21;
0217044;"Strzelin - miasto (4)";20;
0217045;"Strzelin - obszar wiejski (5)";25;
0218000;"Powiat średzki";22;
0218043;"Środa Śląska (3)";22;
0218044;"Środa Śląska - miasto (4)";22;
0219000;"Powiat świdnicki";25;
0219011;"Świdnica (1)";27;
0219021;"Świebodzice (1)";16;
0219063;"Strzegom (3)";26;
0219064;"Strzegom - miasto (4)";26;
0219072;"Świdnica (2)";16;
0219083;"Żarów (3)";25;
0219084;"Żarów - miasto (4)";25;
0220000;"Powiat trzebnicki";22;
0220013;"Oborniki Śląskie (3)";19;
0220014;"Oborniki Śląskie - miasto (4)";19;
0220033;"Trzebnica (3)";23;
0220034;"Trzebnica - miasto (4)";23;
0220063;"Żmigród (3)";22;
0220064;"Żmigród - miasto (4)";22;
0221000;"Powiat wałbrzyski";13;
0221031;"Szczawno-Zdrój (1)";13;
0222000;"Powiat wołowski";25;
0222013;"Brzeg Dolny (3)";23;
0222014;"Brzeg Dolny - miasto (4)";23;
0222033;"Wołów (3)";26;
0222034;"Wołów - miasto (4)";26;
0223000;"Powiat wrocławski";21;
0223052;"Kobierzyce (2)";22;
0223073;"Sobótka (3)";12;
0223074;"Sobótka - miasto (4)";12;
0224000;"Powiat ząbkowicki";24;
0224053;"Ząbkowice Śląskie (3)";24;
0224054;"Ząbkowice Śląskie - miasto (4)";24;
0224063;"Ziębice (3)";24;
0224064;"Ziębice - miasto (4)";24;
0225000;"Powiat zgorzelecki";27;
0225021;"Zgorzelec (1)";28;
0225033;"Bogatynia (3)";27;
0225034;"Bogatynia - miasto (4)";27;
0226000;"Powiat złotoryjski";20;
0226021;"Złotoryja (1)";20;
0261000;"Powiat m.Jelenia Góra";23;
0261011;"Jelenia Góra (1)";23;
0262000;"Powiat m.Legnica";25;
0262011;"Legnica (1)";25;
0264000;"Powiat m.Wrocław";22;
0264011;"Wrocław (1)";22;
0265000;"Powiat m.Wałbrzych od 2013";24;
0265011;"Wałbrzych od 2013 (1)";24;
0400000;"KUJAWSKO-POMORSKIE";24;
0401000;"Powiat aleksandrowski";20;
0401011;"Aleksandrów Kujawski (1)";20;
0402000;"Powiat brodnicki";24;
0402011;"Brodnica (1)";24;
0402073;"Jabłonowo Pomorskie (3)";21;
0402074;"Jabłonowo Pomorskie - miasto (4)";21;
0403000;"Powiat bydgoski";21;
0403032;"Dobrcz (2)";25;
0403043;"Koronowo (3)";23;
0403044;"Koronowo - miasto (4)";23;
0403083;"Solec Kujawski (3)";14;
0403084;"Solec Kujawski - miasto (4)";14;
0404000;"Powiat chełmiński";23;
0404011;"Chełmno (1)";23;
0404062;"Stolno (2)";24;
0405000;"Powiat golubsko-dobrzyński";21;
0405011;"Golub-Dobrzyń (1)";20;
0405043;"Kowalewo Pomorskie (3)";22;
0405044;"Kowalewo Pomorskie - miasto (4)";22;
0406000;"Powiat grudziądzki";20;
0406033;"Łasin (3)";20;
0406034;"Łasin - miasto (4)";20;
0407000;"Powiat inowrocławski";26;
0407011;"Inowrocław (1)";25;
0407063;"Kruszwica (3)";28;
0407064;"Kruszwica - miasto (4)";31;
0407065;"Kruszwica - obszar wiejski (5)";23;
0407073;"Pakość (3)";24;
0407075;"Pakość - obszar wiejski (5)";24;
0408000;"Powiat lipnowski";23;
0408011;"Lipno (1)";25;
0408043;"Dobrzyń nad Wisłą (3)";20;
0408044;"Dobrzyń nad Wisłą - miasto (4)";20;
0408073;"Skępe (3)";19;
0408074;"Skępe - miasto (4)";19;
0409000;"Powiat mogileński";25;
0409033;"Mogilno (3)";26;
0409034;"Mogilno - miasto (4)";28;
0409035;"Mogilno - obszar wiejski (5)";24;
0409043;"Strzelno (3)";22;
0409044;"Strzelno - miasto (4)";22;
0410000;"Powiat nakielski";25;
0410013;"Kcynia (3)";24;
0410014;"Kcynia - miasto (4)";24;
0410023;"Mrocza (3)";19;
0410024;"Mrocza - miasto (4)";19;
0410033;"Nakło nad Notecią (3)";27;
0410034;"Nakło nad Notecią - miasto (4)";27;
0410042;"Sadki (2)";20;
0410053;"Szubin (3)";23;
0410054;"Szubin - miasto (4)";29;
0410055;"Szubin - obszar wiejski (5)";15;
0411000;"Powiat radziejowski";21;
0411011;"Radziejów (1)";29;
0411062;"Radziejów (2)";17;
0412000;"Powiat rypiński";25;
0412011;"Rypin (1)";26;
0412032;"Rogowo (2)";16;
0413000;"Powiat sępoleński";25;
0413023;"Sępólno Krajeńskie (3)";26;
0413024;"Sępólno Krajeńskie - miasto (4)";26;
0413043;"Więcbork (3)";25;
0413044;"Więcbork - miasto (4)";30;
0413045;"Więcbork - obszar wiejski (5)";17;
0414000;"Powiat świecki";23;
0414063;"Nowe (3)";26;
0414064;"Nowe - miasto (4)";26;
0414093;"Świecie (3)";22;
0414094;"Świecie - miasto (4)";22;
0415000;"Powiat toruński";22;
0415011;"Chełmża (1)";21;
0415032;"Czernikowo (2)";21;
0415042;"Lubicz (2)";22;
0416000;"Powiat tucholski";30;
0416063;"Tuchola (3)";30;
0416064;"Tuchola - miasto (4)";30;
0417000;"Powiat wąbrzeski";23;
0417011;"Wąbrzeźno (1)";23;
0417052;"Ryńsk (2)";0;
0418000;"Powiat włocławski";23;
0418011;"Kowal (1)";20;
0418043;"Brześć Kujawski (3)";23;
0418045;"Brześć Kujawski - obszar wiejski (5)";23;
0418063;"Chodecz (3)";25;
0418065;"Chodecz - obszar wiejski (5)";25;
0418083;"Izbica Kujawska (3)";20;
0418084;"Izbica Kujawska - miasto (4)";20;
0418123;"Lubraniec (3)";24;
0418125;"Lubraniec - obszar wiejski (5)";24;
0419000;"Powiat żniński";20;
0419013;"Barcin (3)";10;
0419015;"Barcin - obszar wiejski (5)";10;
0419022;"Gąsawa (2)";11;
0419033;"Janowiec Wielkopolski (3)";16;
0419034;"Janowiec Wielkopolski - miasto (4)";16;
0419063;"Żnin (3)";26;
0419064;"Żnin - miasto (4)";26;
0461000;"Powiat m.Bydgoszcz";24;
0461011;"Bydgoszcz (1)";24;
0462000;"Powiat m.Grudziądz";24;
0462011;"Grudziądz (1)";24;
0463000;"Powiat m.Toruń";25;
0463011;"Toruń (1)";25;
0464000;"Powiat m.Włocławek";22;
0464011;"Włocławek (1)";22;
0600000;"LUBELSKIE";24;
0601000;"Powiat bialski";19;
0601011;"Międzyrzec Podlaski (1)";19;
0601052;"Janów Podlaski (2)";10;
0601082;"Leśna Podlaska (2)";21;
0601162;"Terespol (2)";26;
0602000;"Powiat biłgorajski";27;
0602011;"Biłgoraj (1)";28;
0602123;"Tarnogród (3)";17;
0602125;"Tarnogród - obszar wiejski (5)";17;
0603000;"Powiat chełmski";13;
0603032;"Chełm (2)";13;
0604000;"Powiat hrubieszowski";18;
0604011;"Hrubieszów (1)";18;
0605000;"Powiat janowski";22;
0605053;"Janów Lubelski (3)";24;
0605054;"Janów Lubelski - miasto (4)";24;
0605072;"Potok Wielki (2)";15;
0606000;"Powiat krasnostawski";23;
0606011;"Krasnystaw (1)";26;
0606102;"Siennica Różana (2)";15;
0606112;"Żółkiewka (2)";22;
0607000;"Powiat kraśnicki";22;
0607011;"Kraśnik (1)";23;
0607023;"Annopol (3)";25;
0607024;"Annopol - miasto (4)";25;
0607042;"Gościeradów (2)";10;
0607083;"Urzędów (3)";11;
0607084;"Urzędów - miasto (4)";11;
0608000;"Powiat lubartowski";24;
0608011;"Lubartów (1)";25;
0608103;"Ostrów Lubelski (3)";19;
0608104;"Ostrów Lubelski - miasto (4)";19;
0609000;"Powiat lubelski";22;
0609013;"Bełżyce (3)";22;
0609014;"Bełżyce - miasto (4)";22;
0609033;"Bychawa (3)";22;
0609034;"Bychawa - miasto (4)";22;
0609112;"Niemce (2)";24;
0609122;"Strzyżewice (2)";22;
0610000;"Powiat łęczyński";20;
0610033;"Łęczna (3)";21;
0610034;"Łęczna - miasto (4)";21;
0610042;"Milejów (2)";15;
0610062;"Spiczyn (2)";21;
0611000;"Powiat łukowski";24;
0611011;"Łuków (1)";24;
0611021;"Stoczek Łukowski (1)";23;
0612000;"Powiat opolski";19;
0612012;"Chodel (2)";17;
0612053;"Opole Lubelskie (3)";17;
0612054;"Opole Lubelskie - miasto (4)";20;
0612055;"Opole Lubelskie - obszar wiejski (5)";10;
0612063;"Poniatowa (3)";24;
0612064;"Poniatowa - miasto (4)";24;
0613000;"Powiat parczewski";22;
0613022;"Jabłoń (2)";20;
0613043;"Parczew (3)";23;
0613044;"Parczew - miasto (4)";23;
0614000;"Powiat puławski";26;
0614011;"Puławy (1)";26;
0614043;"Kazimierz Dolny (3)";27;
0614044;"Kazimierz Dolny - miasto (4)";27;
0614062;"Kurów (2)";0;
0614083;"Nałęczów (3)";23;
0614084;"Nałęczów - miasto (4)";23;
0615000;"Powiat radzyński";28;
0615011;"Radzyń Podlaski (1)";30;
0615022;"Borki (2)";17;
0616000;"Powiat rycki";26;
0616011;"Dęblin (1)";26;
0616043;"Ryki (3)";26;
0616044;"Ryki - miasto (4)";26;
0617000;"Powiat świdnicki";25;
0617011;"Świdnik (1)";26;
0617033;"Piaski (3)";23;
0617034;"Piaski - miasto (4)";23;
0617052;"Trawniki (2)";10;
0618000;"Powiat tomaszowski";24;
0618011;"Tomaszów Lubelski (1)";24;
0619000;"Powiat włodawski";20;
0619011;"Włodawa (1)";23;
0619062;"Włodawa (2)";17;
0620000;"Powiat zamojski";11;
0620133;"Szczebrzeszyn (3)";12;
0620134;"Szczebrzeszyn - miasto (4)";12;
0620153;"Zwierzyniec (3)";11;
0620154;"Zwierzyniec - miasto (4)";11;
0661000;"Powiat m.Biała Podlaska";26;
0661011;"Biała Podlaska (1)";26;
0662000;"Powiat m.Chełm";27;
0662011;"Chełm (1)";27;
0663000;"Powiat m.Lublin";24;
0663011;"Lublin (1)";24;
0664000;"Powiat m.Zamość";25;
0664011;"Zamość (1)";25;
0800000;"LUBUSKIE";24;
0801000;"Powiat gorzowski";16;
0801011;"Kostrzyn nad Odrą (1)";19;
0801073;"Witnica (3)";14;
0801074;"Witnica - miasto (4)";27;
0801075;"Witnica - obszar wiejski (5)";10;
0802000;"Powiat krośnieński";23;
0802011;"Gubin (1)";24;
0802063;"Krosno Odrzańskie (3)";22;
0802064;"Krosno Odrzańskie - miasto (4)";22;
0803000;"Powiat międzyrzecki";20;
0803023;"Międzyrzecz (3)";22;
0803024;"Międzyrzecz - miasto (4)";22;
0803025;"Międzyrzecz - obszar wiejski (5)";21;
0803053;"Skwierzyna (3)";16;
0803054;"Skwierzyna - miasto (4)";16;
0804000;"Powiat nowosolski";27;
0804011;"Nowa Sól (1)";27;
0804043;"Kożuchów (3)";25;
0804044;"Kożuchów - miasto (4)";25;
0805000;"Powiat słubicki";25;
0805043;"Rzepin (3)";27;
0805045;"Rzepin - obszar wiejski (5)";27;
0805053;"Słubice (3)";25;
0805054;"Słubice - miasto (4)";25;
0806000;"Powiat strzelecko-drezdenecki";29;
0806023;"Drezdenko (3)";28;
0806024;"Drezdenko - miasto (4)";28;
0806043;"Strzelce Krajeńskie (3)";29;
0806044;"Strzelce Krajeńskie - miasto (4)";29;
0807000;"Powiat sulęciński";23;
0807043;"Sulęcin (3)";23;
0807044;"Sulęcin - miasto (4)";23;
0808000;"Powiat świebodziński";25;
0808053;"Świebodzin (3)";25;
0808054;"Świebodzin - miasto (4)";25;
0808063;"Zbąszynek (3)";26;
0808064;"Zbąszynek - miasto (4)";24;
0808065;"Zbąszynek - obszar wiejski (5)";28;
0809000;"Powiat zielonogórski";23;
0809033;"Czerwieńsk (3)";7;
0809034;"Czerwieńsk - miasto (4)";7;
0809063;"Sulechów (3)";25;
0809064;"Sulechów - miasto (4)";25;
0810000;"Powiat żagański";21;
0810021;"Żagań (1)";20;
0810043;"Iłowa (3)";20;
0810044;"Iłowa - miasto (4)";20;
0810073;"Szprotawa (3)";23;
0810074;"Szprotawa - miasto (4)";25;
0810075;"Szprotawa - obszar wiejski (5)";19;
0811000;"Powiat żarski";26;
0811021;"Żary (1)";26;
0811063;"Lubsko (3)";25;
0811064;"Lubsko - miasto (4)";25;
0812000;"Powiat wschowski";20;
0812013;"Sława (3)";15;
0812014;"Sława - miasto (4)";15;
0812033;"Wschowa (3)";23;
0812034;"Wschowa - miasto (4)";23;
0861000;"Powiat m.Gorzów Wielkopolski";25;
0861011;"Gorzów Wielkopolski (1)";25;
0862000;"Powiat m.Zielona Góra";24;
0862011;"Zielona Góra (1)";24;
1000000;"ŁÓDZKIE";24;
1001000;"Powiat bełchatowski";25;
1001011;"Bełchatów (1)";25;
1001042;"Kleszczów (2)";23;
1001072;"Szczerców (2)";25;
1001083;"Zelów (3)";26;
1001084;"Zelów - miasto (4)";26;
1002000;"Powiat kutnowski";20;
1002011;"Kutno (1)";21;
1002052;"Krzyżanów (2)";18;
1002113;"Żychlin (3)";20;
1002114;"Żychlin - miasto (4)";20;
1003000;"Powiat łaski";26;
1003023;"Łask (3)";26;
1003024;"Łask - miasto (4)";26;
1003032;"Sędziejowice (2)";28;
1004000;"Powiat łęczycki";26;
1004011;"Łęczyca (1)";26;
1004063;"Piątek (3)";27;
1004064;"Piątek - miasto (4)";27;
1005000;"Powiat łowicki";20;
1005011;"Łowicz (1)";20;
1005102;"Zduny (2)";22;
1006000;"Powiat łódzki wschodni";20;
1006073;"Koluszki (3)";20;
1006074;"Koluszki - miasto (4)";20;
1007000;"Powiat opoczyński";30;
1007023;"Drzewica (3)";25;
1007024;"Drzewica - miasto (4)";25;
1007043;"Opoczno (3)";31;
1007044;"Opoczno - miasto (4)";32;
1007045;"Opoczno - obszar wiejski (5)";21;
1008000;"Powiat pabianicki";25;
1008021;"Pabianice (1)";27;
1008052;"Ksawerów (2)";19;
1008062;"Lutomiersk (2)";9;
1009000;"Powiat pajęczański";28;
1009013;"Działoszyn (3)";28;
1009014;"Działoszyn - miasto (4)";28;
1010000;"Powiat piotrkowski";17;
1010022;"Czarnocin (2)";26;
1010042;"Grabica (2)";19;
1010102;"Wola Krzysztoporska (2)";8;
1010113;"Wolbórz (3)";23;
1010114;"Wolbórz - miasto (4)";23;
1011000;"Powiat poddębicki";26;
1011033;"Poddębice (3)";26;
1011034;"Poddębice - miasto (4)";26;
1012000;"Powiat radomszczański";28;
1012011;"Radomsko (1)";30;
1012022;"Dobryszyce (2)";20;
1012053;"Kamieńsk (3)";14;
1012054;"Kamieńsk - miasto (4)";14;
1013000;"Powiat rawski";25;
1013011;"Rawa Mazowiecka (1)";26;
1013023;"Biała Rawska (3)";21;
1013024;"Biała Rawska - miasto (4)";21;
1014000;"Powiat sieradzki";28;
1014011;"Sieradz (1)";29;
1014023;"Błaszki (3)";24;
1014024;"Błaszki - miasto (4)";24;
1014113;"Złoczew (3)";23;
1014114;"Złoczew - miasto (4)";23;
1015000;"Powiat skierniewicki";24;
1015022;"Głuchów (2)";24;
1016000;"Powiat tomaszowski";30;
1016011;"Tomaszów Mazowiecki (1)";30;
1017000;"Powiat wieluński";27;
1017093;"Wieluń (3)";27;
1017094;"Wieluń - miasto (4)";27;
1018000;"Powiat wieruszowski";22;
1018043;"Lututów (3)";16;
1018044;"Lututów - miasto (4)";16;
1018073;"Wieruszów (3)";25;
1018074;"Wieruszów - miasto (4)";25;
1019000;"Powiat zduńskowolski";26;
1019011;"Zduńska Wola (1)";27;
1019042;"Zduńska Wola (2)";22;
1020000;"Powiat zgierski";24;
1020011;"Głowno (1)";19;
1020021;"Ozorków (1)";27;
1020031;"Zgierz (1)";25;
1020043;"Aleksandrów Łódzki (3)";25;
1020044;"Aleksandrów Łódzki - miasto (4)";25;
1020083;"Stryków (3)";17;
1020085;"Stryków - obszar wiejski (5)";17;
1021000;"Powiat brzeziński";17;
1021011;"Brzeziny (1)";17;
1061000;"Powiat m.Łódź";21;
1061011;"Łódź (1)";21;
1062000;"Powiat m.Piotrków Trybunalski";23;
1062011;"Piotrków Trybunalski (1)";23;
1063000;"Powiat m.Skierniewice";24;
1063011;"Skierniewice (1)";24;
1200000;"MAŁOPOLSKIE";26;
1201000;"Powiat bocheński";27;
1201011;"Bochnia (1)";28;
1201052;"Łapanów (2)";21;
1201063;"Nowy Wiśnicz (3)";19;
1201064;"Nowy Wiśnicz - miasto (4)";19;
1202000;"Powiat brzeski";26;
1202023;"Brzesko (3)";26;
1202024;"Brzesko - miasto (4)";26;
1202033;"Czchów (3)";23;
1202034;"Czchów - miasto (4)";23;
1202072;"Szczurowa (2)";21;
1203000;"Powiat chrzanowski";27;
1203033;"Chrzanów (3)";26;
1203034;"Chrzanów - miasto (4)";26;
1203043;"Libiąż (3)";25;
1203044;"Libiąż - miasto (4)";25;
1203053;"Trzebinia (3)";28;
1203054;"Trzebinia - miasto (4)";28;
1204000;"Powiat dąbrowski";20;
1204023;"Dąbrowa Tarnowska (3)";23;
1204024;"Dąbrowa Tarnowska - miasto (4)";23;
1204052;"Olesno (2)";13;
1204073;"Szczucin (3)";21;
1204074;"Szczucin - miasto (4)";21;
1205000;"Powiat gorlicki";26;
1205011;"Gorlice (1)";29;
1205023;"Biecz (3)";23;
1205024;"Biecz - miasto (4)";23;
1205033;"Bobowa (3)";22;
1205034;"Bobowa - miasto (4)";22;
1205042;"Gorlice (2)";23;
1205102;"Uście Gorlickie (2)";20;
1206000;"Powiat krakowski";24;
1206012;"Czernichów (2)";22;
1206063;"Krzeszowice (3)";25;
1206064;"Krzeszowice - miasto (4)";25;
1206103;"Skała (3)";24;
1206104;"Skała - miasto (4)";24;
1206113;"Skawina (3)";28;
1206114;"Skawina - miasto (4)";28;
1206143;"Świątniki Górne (3)";22;
1206144;"Świątniki Górne - miasto (4)";22;
1206152;"Wielka Wieś (2)";21;
1207000;"Powiat limanowski";29;
1207011;"Limanowa (1)";29;
1207021;"Mszana Dolna (1)";30;
1207042;"Jodłownik (2)";10;
1208000;"Powiat miechowski";28;
1208042;"Książ Wielki (2)";7;
1208053;"Miechów (3)";29;
1208054;"Miechów - miasto (4)";29;
1209000;"Powiat myślenicki";28;
1209013;"Dobczyce (3)";29;
1209014;"Dobczyce - miasto (4)";29;
1209022;"Lubień (2)";25;
1209033;"Myślenice (3)";28;
1209034;"Myślenice - miasto (4)";28;
1209073;"Sułkowice (3)";22;
1209074;"Sułkowice - miasto (4)";22;
1210000;"Powiat nowosądecki";24;
1210011;"Grybów (1)";24;
1210073;"Krynica-Zdrój (3)";25;
1210074;"Krynica-Zdrój - miasto (4)";25;
1210092;"Łącko (2)";24;
1210113;"Muszyna (3)";16;
1210114;"Muszyna - miasto (4)";16;
1210122;"Nawojowa (2)";24;
1210163;"Stary Sącz (3)";24;
1210164;"Stary Sącz - miasto (4)";24;
1211000;"Powiat nowotarski";25;
1211011;"Nowy Targ (1)";26;
1211032;"Czarny Dunajec (2)";8;
1211052;"Jabłonka (2)";25;
1211062;"Krościenko nad Dunajcem (2)";23;
1211072;"Lipnica Wielka (2)";13;
1211123;"Rabka-Zdrój (3)";32;
1211124;"Rabka-Zdrój - miasto (4)";32;
1212000;"Powiat olkuski";28;
1212053;"Olkusz (3)";27;
1212054;"Olkusz - miasto (4)";27;
1212073;"Wolbrom (3)";31;
1212074;"Wolbrom - miasto (4)";31;
1213000;"Powiat oświęcimski";24;
1213011;"Oświęcim (1)";26;
1213023;"Brzeszcze (3)";29;
1213024;"Brzeszcze - miasto (4)";29;
1213043;"Kęty (3)";24;
1213044;"Kęty - miasto (4)";24;
1213093;"Zator (3)";10;
1213094;"Zator - miasto (4)";10;
1214000;"Powiat proszowicki";26;
1214012;"Koniusza (2)";26;
1214053;"Proszowice (3)";28;
1214054;"Proszowice - miasto (4)";28;
1215000;"Powiat suski";25;
1215011;"Jordanów (1)";22;
1215021;"Sucha Beskidzka (1)";25;
1216000;"Powiat tarnowski";25;
1216013;"Ciężkowice (3)";23;
1216014;"Ciężkowice - miasto (4)";23;
1216063;"Ryglice (3)";27;
1216064;"Ryglice - miasto (4)";27;
1216103;"Tuchów (3)";26;
1216104;"Tuchów - miasto (4)";26;
1216133;"Wojnicz (3)";27;
1216134;"Wojnicz - miasto (4)";27;
1216143;"Zakliczyn (3)";26;
1216144;"Zakliczyn - miasto (4)";26;
1216153;"Żabno (3)";22;
1216154;"Żabno - miasto (4)";22;
1217000;"Powiat tatrzański";25;
1217011;"Zakopane (1)";25;
1218000;"Powiat wadowicki";24;
1218013;"Andrychów (3)";25;
1218014;"Andrychów - miasto (4)";25;
1218033;"Kalwaria Zebrzydowska (3)";26;
1218034;"Kalwaria Zebrzydowska - miasto (4)";26;
1218082;"Tomice (2)";25;
1218093;"Wadowice (3)";23;
1218094;"Wadowice - miasto (4)";23;
1219000;"Powiat wielicki";30;
1219022;"Gdów (2)";22;
1219043;"Niepołomice (3)";28;
1219044;"Niepołomice - miasto (4)";28;
1219053;"Wieliczka (3)";32;
1219054;"Wieliczka - miasto (4)";32;
1261000;"Powiat m.Kraków";25;
1261011;"Kraków (1)";25;
1262000;"Powiat m.Nowy Sącz";26;
1262011;"Nowy Sącz (1)";26;
1263000;"Powiat m.Tarnów";26;
1263011;"Tarnów (1)";26;
1400000;"MAZOWIECKIE";24;
1401000;"Powiat białobrzeski";28;
1401013;"Białobrzegi (3)";28;
1401014;"Białobrzegi - miasto (4)";28;
1402000;"Powiat ciechanowski";23;
1402011;"Ciechanów (1)";23;
1402092;"Sońsk (2)";20;
1403000;"Powiat garwoliński";24;
1403011;"Garwolin (1)";29;
1403042;"Garwolin (2)";25;
1403143;"Żelechów (3)";15;
1403144;"Żelechów - miasto (4)";15;
1404000;"Powiat gostyniński";24;
1404011;"Gostynin (1)";24;
1405000;"Powiat grodziski";24;
1405011;"Milanówek (1)";21;
1405043;"Grodzisk Mazowiecki (3)";26;
1405044;"Grodzisk Mazowiecki - miasto (4)";26;
1406000;"Powiat grójecki";23;
1406053;"Grójec (3)";22;
1406054;"Grójec - miasto (4)";22;
1406062;"Jasieniec (2)";26;
1406083;"Nowe Miasto nad Pilicą (3)";18;
1406084;"Nowe Miasto nad Pilicą - miasto (4)";18;
1406113;"Warka (3)";26;
1406114;"Warka - miasto (4)";27;
1406115;"Warka - obszar wiejski (5)";25;
1407000;"Powiat kozienicki";21;
1407012;"Garbatka-Letnisko (2)";13;
1407053;"Kozienice (3)";24;
1407054;"Kozienice - miasto (4)";24;
1408000;"Powiat legionowski";26;
1408011;"Legionowo (1)";28;
1408043;"Serock (3)";24;
1408044;"Serock - miasto (4)";24;
1409000;"Powiat lipski";25;
1409033;"Lipsko (3)";25;
1409034;"Lipsko - miasto (4)";25;
1409052;"Sienno (2)";25;
1410000;"Powiat łosicki";23;
1410023;"Łosice (3)";23;
1410024;"Łosice - miasto (4)";23;
1411000;"Powiat makowski";20;
1411011;"Maków Mazowiecki (1)";26;
1411042;"Krasnosielc (2)";14;
1411073;"Różan (3)";14;
1411074;"Różan - miasto (4)";14;
1412000;"Powiat miński";25;
1412011;"Mińsk Mazowiecki (1)";26;
1412132;"Siennica (2)";20;
1413000;"Powiat mławski";23;
1413011;"Mława (1)";23;
1414000;"Powiat nowodworski";21;
1414011;"Nowy Dwór Mazowiecki (1)";20;
1414043;"Nasielsk (3)";20;
1414044;"Nasielsk - miasto (4)";20;
1414052;"Pomiechówek (2)";22;
1415000;"Powiat ostrołęcki";17;
1415012;"Baranowo (2)";16;
1415032;"Czerwin (2)";12;
1415042;"Goworowo (2)";20;
1415052;"Kadzidło (2)";19;
1415072;"Łyse (2)";16;
1415083;"Myszyniec (3)";19;
1415084;"Myszyniec - miasto (4)";19;
1415112;"Troszyn (2)";13;
1416000;"Powiat ostrowski";22;
1416011;"Ostrów Mazowiecka (1)";22;
1416052;"Małkinia Górna (2)";21;
1416072;"Ostrów Mazowiecka (2)";21;
1417000;"Powiat otwocki";25;
1417021;"Otwock (1)";26;
1417043;"Karczew (3)";23;
1417044;"Karczew - miasto (4)";23;
1418000;"Powiat piaseczyński";26;
1418013;"Góra Kalwaria (3)";21;
1418014;"Góra Kalwaria - miasto (4)";21;
1418023;"Konstancin-Jeziorna (3)";24;
1418024;"Konstancin-Jeziorna - miasto (4)";24;
1418043;"Piaseczno (3)";28;
1418044;"Piaseczno - miasto (4)";28;
1419000;"Powiat płocki";18;
1419053;"Drobin (3)";8;
1419054;"Drobin - miasto (4)";8;
1419063;"Gąbin (3)";24;
1419064;"Gąbin - miasto (4)";24;
1419153;"Wyszogród (3)";23;
1419154;"Wyszogród - miasto (4)";23;
1420000;"Powiat płoński";23;
1420011;"Płońsk (1)";26;
1420021;"Raciąż (1)";22;
1420043;"Czerwińsk nad Wisłą (3)";17;
1420044;"Czerwińsk nad Wisłą - miasto (4)";17;
1421000;"Powiat pruszkowski";26;
1421011;"Piastów (1)";26;
1421021;"Pruszków (1)";26;
1422000;"Powiat przasnyski";21;
1422011;"Przasnysz (1)";21;
1422023;"Chorzele (3)";17;
1422024;"Chorzele - miasto (4)";17;
1423000;"Powiat przysuski";24;
1423063;"Przysucha (3)";24;
1423064;"Przysucha - miasto (4)";24;
1424000;"Powiat pułtuski";24;
1424043;"Pułtusk (3)";26;
1424044;"Pułtusk - miasto (4)";26;
1424062;"Winnica (2)";19;
1425000;"Powiat radomski";26;
1425011;"Pionki (1)";26;
1425033;"Iłża (3)";27;
1425034;"Iłża - miasto (4)";27;
1427000;"Powiat sierpecki";24;
1427011;"Sierpc (1)";26;
1427052;"Sierpc (2)";22;
1427072;"Zawidz (2)";19;
1428000;"Powiat sochaczewski";23;
1428011;"Sochaczew (1)";23;
1428082;"Teresin (2)";23;
1429000;"Powiat sokołowski";25;
1429011;"Sokołów Podlaski (1)";25;
1430000;"Powiat szydłowiecki";15;
1430053;"Szydłowiec (3)";15;
1430054;"Szydłowiec - miasto (4)";15;
1432000;"Powiat warszawski zachodni";18;
1432013;"Błonie (3)";24;
1432014;"Błonie - miasto (4)";24;
1432022;"Izabelin (2)";2;
1432063;"Ożarów Mazowiecki (3)";22;
1432064;"Ożarów Mazowiecki - miasto (4)";22;
1433000;"Powiat węgrowski";28;
1433011;"Węgrów (1)";28;
1433053;"Łochów (3)";30;
1433054;"Łochów - miasto (4)";30;
1433072;"Sadowne (2)";20;
1434000;"Powiat wołomiński";20;
1434041;"Zielonka (1)";26;
1434062;"Jadów (2)";12;
1434093;"Radzymin (3)";26;
1434094;"Radzymin - miasto (4)";26;
1434113;"Tłuszcz (3)";14;
1434114;"Tłuszcz - miasto (4)";14;
1434123;"Wołomin (3)";16;
1434124;"Wołomin - miasto (4)";16;
1435000;"Powiat wyszkowski";24;
1435053;"Wyszków (3)";24;
1435054;"Wyszków - miasto (4)";24;
1436000;"Powiat zwoleński";25;
1436053;"Zwoleń (3)";25;
1436054;"Zwoleń - miasto (4)";25;
1437000;"Powiat żuromiński";24;
1437022;"Kuczbork-Osada (2)";24;
1437063;"Żuromin (3)";24;
1437064;"Żuromin - miasto (4)";24;
1438000;"Powiat żyrardowski";25;
1438011;"Żyrardów (1)";28;
1438023;"Mszczonów (3)";25;
1438024;"Mszczonów - miasto (4)";25;
1438052;"Wiskitki (2)";16;
1461000;"Powiat m.Ostrołęka";24;
1461011;"Ostrołęka (1)";24;
1462000;"Powiat m.Płock";22;
1462011;"Płock (1)";22;
1463000;"Powiat m.Radom";24;
1463011;"Radom (1)";24;
1464000;"Powiat m.Siedlce";24;
1464011;"Siedlce (1)";24;
1465000;"Powiat m. st. Warszawa";24;
1465011;"M.st.Warszawa od 2002 (1)";24;
1465048;"Bielany - dzielnica (8)";25;
1465058;"Mokotów - dzielnica (8)";26;
1465068;"Ochota - dzielnica (8)";24;
1465078;"Praga-Południe - dzielnica (8)";22;
1465088;"Praga-Północ - dzielnica (8)";24;
1465108;"Śródmieście - dzielnica (8)";24;
1465118;"Targówek - dzielnica (8)";26;
1465128;"Ursus - dzielnica (8)";26;
1465178;"Włochy - dzielnica (8)";27;
1465188;"Wola - dzielnica (8)";25;
1465198;"Żoliborz - dzielnica (8)";24;
1600000;"OPOLSKIE";25;
1601000;"Powiat brzeski";27;
1601011;"Brzeg (1)";27;
1601033;"Grodków (3)";26;
1601034;"Grodków - miasto (4)";26;
1602000;"Powiat głubczycki";18;
1602033;"Głubczyce (3)";18;
1602034;"Głubczyce - miasto (4)";18;
1603000;"Powiat kędzierzyńsko-kozielski";24;
1603011;"Kędzierzyn-Koźle (1)";24;
1603062;"Reńska Wieś (2)";0;
1604000;"Powiat kluczborski";25;
1604013;"Byczyna (3)";13;
1604014;"Byczyna - miasto (4)";13;
1604023;"Kluczbork (3)";26;
1604024;"Kluczbork - miasto (4)";27;
1604025;"Kluczbork - obszar wiejski (5)";19;
1605000;"Powiat krapkowicki";27;
1605023;"Krapkowice (3)";29;
1605024;"Krapkowice - miasto (4)";29;
1605053;"Zdzieszowice (3)";23;
1605054;"Zdzieszowice - miasto (4)";23;
1606000;"Powiat namysłowski";25;
1606023;"Namysłów (3)";25;
1606024;"Namysłów - miasto (4)";25;
1607000;"Powiat nyski";24;
1607013;"Głuchołazy (3)";26;
1607014;"Głuchołazy - miasto (4)";26;
1607053;"Nysa (3)";25;
1607054;"Nysa - miasto (4)";25;
1607063;"Otmuchów (3)";13;
1607064;"Otmuchów - miasto (4)";13;
1608000;"Powiat oleski";24;
1608013;"Dobrodzień (3)";15;
1608014;"Dobrodzień - miasto (4)";15;
1608023;"Gorzów Śląski (3)";29;
1608024;"Gorzów Śląski - miasto (4)";29;
1608033;"Olesno (3)";24;
1608034;"Olesno - miasto (4)";24;
1608043;"Praszka (3)";25;
1608044;"Praszka - miasto (4)";25;
1609000;"Powiat opolski";19;
1609032;"Dobrzeń Wielki (2)";23;
1609083;"Ozimek (3)";17;
1609084;"Ozimek - miasto (4)";17;
1609123;"Tułowice (3)";17;
1609124;"Tułowice - miasto (4)";17;
1610000;"Powiat prudnicki";24;
1610023;"Głogówek (3)";23;
1610024;"Głogówek - miasto (4)";23;
1610043;"Prudnik (3)";25;
1610044;"Prudnik - miasto (4)";25;
1611000;"Powiat strzelecki";26;
1611053;"Strzelce Opolskie (3)";27;
1611054;"Strzelce Opolskie - miasto (4)";27;
1611073;"Zawadzkie (3)";15;
1611074;"Zawadzkie - miasto (4)";15;
1661000;"Powiat m.Opole";25;
1661011;"Opole (1)";25;
1800000;"PODKARPACKIE";26;
1801000;"Powiat bieszczadzki";20;
1801083;"Ustrzyki Dolne (3)";20;
1801084;"Ustrzyki Dolne - miasto (4)";20;
1802000;"Powiat brzozowski";24;
1802013;"Brzozów (3)";24;
1802014;"Brzozów - miasto (4)";24;
1803000;"Powiat dębicki";27;
1803011;"Dębica (1)";28;
1803023;"Brzostek (3)";19;
1803025;"Brzostek - obszar wiejski (5)";19;
1803042;"Dębica (2)";23;
1804000;"Powiat jarosławski";27;
1804011;"Jarosław (1)";27;
1804021;"Radymno (1)";26;
1805000;"Powiat jasielski";29;
1805011;"Jasło (1)";29;
1805042;"Jasło (2)";19;
1806000;"Powiat kolbuszowski";27;
1806023;"Kolbuszowa (3)";27;
1806024;"Kolbuszowa - miasto (4)";28;
1806025;"Kolbuszowa - obszar wiejski (5)";23;
1807000;"Powiat krośnieński";19;
1807033;"Iwonicz-Zdrój (3)";22;
1807034;"Iwonicz-Zdrój - miasto (4)";23;
1807035;"Iwonicz-Zdrój - obszar wiejski (5)";22;
1807043;"Jedlicze (3)";20;
1807044;"Jedlicze - miasto (4)";20;
1807072;"Miejsce Piastowe (2)";17;
1808000;"Powiat leżajski";30;
1808011;"Leżajsk (1)";30;
1809000;"Powiat lubaczowski";25;
1809011;"Lubaczów (1)";27;
1809063;"Oleszyce (3)";19;
1809064;"Oleszyce - miasto (4)";19;
1810000;"Powiat łańcucki";20;
1810011;"Łańcut (1)";25;
1810042;"Łańcut (2)";12;
1810062;"Rakszawa (2)";9;
1811000;"Powiat mielecki";26;
1811011;"Mielec (1)";27;
1811073;"Przecław (3)";19;
1811075;"Przecław - obszar wiejski (5)";19;
1811083;"Radomyśl Wielki (3)";21;
1811084;"Radomyśl Wielki - miasto (4)";21;
1812000;"Powiat niżański";24;
1812032;"Jeżowe (2)";18;
1812053;"Nisko (3)";25;
1812054;"Nisko - miasto (4)";25;
1812063;"Rudnik nad Sanem (3)";26;
1812064;"Rudnik nad Sanem - miasto (4)";26;
1813000;"Powiat przemyski";17;
1813022;"Dubiecko (2)";17;
1814000;"Powiat przeworski";24;
1814011;"Przeworsk (1)";28;
1814053;"Kańczuga (3)";11;
1814054;"Kańczuga - miasto (4)";11;
1814092;"Zarzecze (2)";25;
1815000;"Powiat ropczycko-sędziszowski";28;
1815033;"Ropczyce (3)";30;
1815034;"Ropczyce - miasto (4)";30;
1815043;"Sędziszów Małopolski (3)";22;
1815044;"Sędziszów Małopolski - miasto (4)";22;
1816000;"Powiat rzeszowski";26;
1816011;"Dynów (1)";28;
1816063;"Głogów Małopolski (3)";11;
1816064;"Głogów Małopolski - miasto (4)";11;
1816113;"Sokołów Małopolski (3)";25;
1816114;"Sokołów Małopolski - miasto (4)";25;
1816122;"Świlcza (2)";28;
1817000;"Powiat sanocki";25;
1817011;"Sanok (1)";26;
1817082;"Zarszyn (2)";22;
1818000;"Powiat stalowowolski";25;
1818011;"Stalowa Wola (1)";25;
1819000;"Powiat strzyżowski";23;
1819012;"Czudec (2)";19;
1819043;"Strzyżów (3)";24;
1819044;"Strzyżów - miasto (4)";24;
1820000;"Powiat tarnobrzeski";24;
1820022;"Gorzyce (2)";24;
1820043;"Nowa Dęba (3)";23;
1820044;"Nowa Dęba - miasto (4)";23;
1821000;"Powiat leski";20;
1821033;"Lesko (3)";20;
1821034;"Lesko - miasto (4)";20;
1861000;"Powiat m.Krosno";26;
1861011;"Krosno (1)";26;
1862000;"Powiat m.Przemyśl";26;
1862011;"Przemyśl (1)";26;
1863000;"Powiat m.Rzeszów";27;
1863011;"Rzeszów (1)";27;
1864000;"Powiat m.Tarnobrzeg";26;
1864011;"Tarnobrzeg (1)";26;
2000000;"PODLASKIE";22;
2001000;"Powiat augustowski";26;
2001011;"Augustów (1)";26;
2002000;"Powiat białostocki";17;
2002023;"Czarna Białostocka (3)";10;
2002024;"Czarna Białostocka - miasto (4)";10;
2002063;"Łapy (3)";16;
2002064;"Łapy - miasto (4)";16;
2002093;"Supraśl (3)";22;
2002094;"Supraśl - miasto (4)";22;
2003000;"Powiat bielski";25;
2003011;"Bielsk Podlaski (1)";28;
2003072;"Rudka (2)";18;
2004000;"Powiat grajewski";24;
2004011;"Grajewo (1)";25;
2004022;"Grajewo (2)";23;
2004053;"Szczuczyn (3)";24;
2004054;"Szczuczyn - miasto (4)";21;
2004055;"Szczuczyn - obszar wiejski (5)";25;
2005000;"Powiat hajnowski";18;
2005011;"Hajnówka (1)";16;
2005022;"Białowieża (2)";23;
2006000;"Powiat kolneński";25;
2006011;"Kolno (1)";25;
2007000;"Powiat łomżyński";19;
2007052;"Piątnica (2)";19;
2008000;"Powiat moniecki";19;
2008013;"Goniądz (3)";7;
2008014;"Goniądz - miasto (4)";7;
2008063;"Mońki (3)";26;
2008064;"Mońki - miasto (4)";26;
2009000;"Powiat sejneński";18;
2009011;"Sejny (1)";18;
2010000;"Powiat siemiatycki";11;
2010023;"Drohiczyn (3)";14;
2010025;"Drohiczyn - obszar wiejski (5)";14;
2010092;"Siemiatycze (2)";10;
2011000;"Powiat sokólski";22;
2011022;"Janów (2)";19;
2011083;"Sokółka (3)";24;
2011084;"Sokółka - miasto (4)";24;
2011093;"Suchowola (3)";20;
2011094;"Suchowola - miasto (4)";20;
2012000;"Powiat suwalski";9;
2012052;"Raczki (2)";9;
2013000;"Powiat wysokomazowiecki";24;
2013011;"Wysokie Mazowieckie (1)";26;
2013023;"Ciechanowiec (3)";21;
2013024;"Ciechanowiec - miasto (4)";21;
2013033;"Czyżew (3)";25;
2013034;"Czyżew - miasto (4)";25;
2013082;"Sokoły (2)";12;
2014000;"Powiat zambrowski";26;
2014011;"Zambrów (1)";26;
2061000;"Powiat m.Białystok";24;
2061011;"Białystok (1)";24;
2062000;"Powiat m.Łomża";21;
2062011;"Łomża (1)";21;
2063000;"Powiat m.Suwałki";20;
2063011;"Suwałki (1)";20;
2200000;"POMORSKIE";24;
2201000;"Powiat bytowski";22;
2201023;"Bytów (3)";29;
2201024;"Bytów - miasto (4)";29;
2201063;"Miastko (3)";15;
2201064;"Miastko - miasto (4)";13;
2201065;"Miastko - obszar wiejski (5)";21;
2202000;"Powiat chojnicki";29;
2202011;"Chojnice (1)";29;
2202043;"Czersk (3)";28;
2202045;"Czersk - obszar wiejski (5)";28;
2203000;"Powiat człuchowski";20;
2203011;"Człuchów (1)";20;
2203023;"Czarne (3)";23;
2203024;"Czarne - miasto (4)";23;
2204000;"Powiat gdański";16;
2204011;"Pruszcz Gdański (1)";20;
2204042;"Pruszcz Gdański (2)";11;
2205000;"Powiat kartuski";28;
2205023;"Kartuzy (3)";29;
2205024;"Kartuzy - miasto (4)";29;
2205032;"Przodkowo (2)";25;
2205042;"Sierakowice (2)";28;
2205052;"Somonino (2)";30;
2205083;"Żukowo (3)";31;
2205084;"Żukowo - miasto (4)";31;
2206000;"Powiat kościerski";29;
2206011;"Kościerzyna (1)";29;
2207000;"Powiat kwidzyński";27;
2207011;"Kwidzyn (1)";27;
2207043;"Prabuty (3)";25;
2207044;"Prabuty - miasto (4)";25;
2208000;"Powiat lęborski";30;
2208011;"Lębork (1)";30;
2209000;"Powiat malborski";27;
2209011;"Malbork (1)";27;
2210000;"Powiat nowodworski";29;
2210023;"Nowy Dwór Gdański (3)";29;
2210024;"Nowy Dwór Gdański - miasto (4)";29;
2211000;"Powiat pucki";24;
2211031;"Puck (1)";25;
2211043;"Władysławowo (3)";21;
2211044;"Władysławowo - miasto (4)";21;
2211062;"Krokowa (2)";27;
2212000;"Powiat słupski";18;
2212011;"Ustka (1)";11;
2212053;"Kępice (3)";26;
2212055;"Kępice - obszar wiejski (5)";26;
2213000;"Powiat starogardzki";24;
2213021;"Skórcz (1)";28;
2213031;"Starogard Gdański (1)";23;
2213093;"Skarszewy (3)";30;
2213095;"Skarszewy - obszar wiejski (5)";30;
2213122;"Starogard Gdański (2)";22;
2214000;"Powiat tczewski";25;
2214011;"Tczew (1)";26;
2214023;"Gniew (3)";25;
2214024;"Gniew - miasto (4)";25;
2214062;"Tczew (2)";19;
2215000;"Powiat wejherowski";26;
2215011;"Reda (1)";25;
2215021;"Rumia (1)";23;
2215031;"Wejherowo (1)";26;
2216000;"Powiat sztumski";22;
2216013;"Dzierzgoń (3)";19;
2216014;"Dzierzgoń - miasto (4)";19;
2216053;"Sztum (3)";22;
2216054;"Sztum - miasto (4)";21;
2216055;"Sztum - obszar wiejski (5)";22;
2261000;"Powiat m.Gdańsk";23;
2261011;"Gdańsk (1)";23;
2262000;"Powiat m.Gdynia";25;
2262011;"Gdynia (1)";25;
2263000;"Powiat m.Słupsk";23;
2263011;"Słupsk (1)";23;
2264000;"Powiat m.Sopot";21;
2264011;"Sopot (1)";21;
2400000;"ŚLĄSKIE";24;
2401000;"Powiat będziński";27;
2401011;"Będzin (1)";27;
2401021;"Czeladź (1)";28;
2401031;"Wojkowice (1)";24;
2401073;"Siewierz (3)";28;
2401074;"Siewierz - miasto (4)";28;
2402000;"Powiat bielski";29;
2402043;"Czechowice-Dziedzice (3)";29;
2402044;"Czechowice-Dziedzice - miasto (4)";29;
2403000;"Powiat cieszyński";24;
2403011;"Cieszyn (1)";23;
2403021;"Ustroń (1)";25;
2403031;"Wisła (1)";25;
2403103;"Skoczów (3)";27;
2403104;"Skoczów - miasto (4)";25;
2403105;"Skoczów - obszar wiejski (5)";31;
2404000;"Powiat częstochowski";21;
2404032;"Janów (2)";16;
2404063;"Koniecpol (3)";26;
2404064;"Koniecpol - miasto (4)";26;
2405000;"Powiat gliwicki";28;
2405011;"Knurów (1)";28;
2405021;"Pyskowice (1)";21;
2406000;"Powiat kłobucki";21;
2406013;"Kłobuck (3)";21;
2406014;"Kłobuck - miasto (4)";21;
2407000;"Powiat lubliniecki";26;
2407011;"Lubliniec (1)";26;
2408000;"Powiat mikołowski";27;
2408011;"Łaziska Górne (1)";23;
2408021;"Mikołów (1)";29;
2408042;"Ornontowice (2)";25;
2409000;"Powiat myszkowski";25;
2409011;"Myszków (1)";26;
2409053;"Żarki (3)";23;
2409054;"Żarki - miasto (4)";23;
2410000;"Powiat pszczyński";24;
2410032;"Miedźna (2)";22;
2410042;"Pawłowice (2)";27;
2410053;"Pszczyna (3)";24;
2410054;"Pszczyna - miasto (4)";24;
2411000;"Powiat raciborski";25;
2411011;"Racibórz (1)";25;
2412000;"Powiat rybnicki";25;
2412013;"Czerwionka-Leszczyny (3)";25;
2412014;"Czerwionka-Leszczyny - miasto (4)";25;
2413000;"Powiat tarnogórski";25;
2413011;"Kalety (1)";7;
2413031;"Radzionków (1)";27;
2413041;"Tarnowskie Góry (1)";26;
2413072;"Świerklaniec (2)";21;
2413082;"Tworóg (2)";20;
2414000;"Powiat bieruńsko-lędziński";26;
2414011;"Bieruń (1)";27;
2414031;"Lędziny (1)";26;
2415000;"Powiat wodzisławski";27;
2415011;"Pszów (1)";26;
2415031;"Rydułtowy (1)";28;
2415041;"Wodzisław Śląski (1)";27;
2416000;"Powiat zawierciański";26;
2416011;"Poręba (1)";32;
2416021;"Zawiercie (1)";28;
2416053;"Łazy (3)";26;
2416054;"Łazy - miasto (4)";26;
2416102;"Żarnowiec (2)";18;
2417000;"Powiat żywiecki";28;
2417011;"Żywiec (1)";27;
2417092;"Milówka (2)";29;
2417152;"Węgierska Górka (2)";26;
2461000;"Powiat m.Bielsko-Biała";24;
2461011;"Bielsko-Biała (1)";24;
2462000;"Powiat m.Bytom";24;
2462011;"Bytom (1)";24;
2463000;"Powiat m.Chorzów";21;
2463011;"Chorzów (1)";21;
2464000;"Powiat m.Częstochowa";23;
2464011;"Częstochowa (1)";23;
2465000;"Powiat m.Dąbrowa Górnicza";28;
2465011;"Dąbrowa Górnicza (1)";28;
2466000;"Powiat m.Gliwice";27;
2466011;"Gliwice (1)";27;
2467000;"Powiat m.Jastrzębie-Zdrój";22;
2467011;"Jastrzębie-Zdrój (1)";22;
2468000;"Powiat m.Jaworzno";25;
2468011;"Jaworzno (1)";25;
2469000;"Powiat m.Katowice";21;
2469011;"Katowice (1)";21;
2470000;"Powiat m.Mysłowice";24;
2470011;"Mysłowice (1)";24;
2471000;"Powiat m.Piekary Śląskie";24;
2471011;"Piekary Śląskie (1)";24;
2472000;"Powiat m.Ruda Śląska";21;
2472011;"Ruda Śląska (1)";21;
2473000;"Powiat m.Rybnik";25;
2473011;"Rybnik (1)";25;
2474000;"Powiat m.Siemianowice Śląskie";26;
2474011;"Siemianowice Śląskie (1)";26;
2475000;"Powiat m.Sosnowiec";26;
2475011;"Sosnowiec (1)";26;
2476000;"Powiat m.Świętochłowice";19;
2476011;"Świętochłowice (1)";19;
2477000;"Powiat m.Tychy";23;
2477011;"Tychy (1)";23;
2478000;"Powiat m.Zabrze";23;
2478011;"Zabrze (1)";23;
2479000;"Powiat m.Żory";20;
2479011;"Żory (1)";20;
2600000;"ŚWIĘTOKRZYSKIE";24;
2601000;"Powiat buski";25;
2601013;"Busko-Zdrój (3)";25;
2601014;"Busko-Zdrój - miasto (4)";25;
2602000;"Powiat jędrzejowski";24;
2602023;"Jędrzejów (3)";25;
2602024;"Jędrzejów - miasto (4)";25;
2602063;"Sędziszów (3)";17;
2602064;"Sędziszów - miasto (4)";17;
2602065;"Sędziszów - obszar wiejski (5)";19;
2603000;"Powiat kazimierski";23;
2603033;"Kazimierza Wielka (3)";26;
2603034;"Kazimierza Wielka - miasto (4)";23;
2603035;"Kazimierza Wielka - obszar wiejski (5)";27;
2603053;"Skalbmierz (3)";15;
2603054;"Skalbmierz - miasto (4)";15;
2604000;"Powiat kielecki";24;
2604033;"Chęciny (3)";20;
2604034;"Chęciny - miasto (4)";20;
2604043;"Chmielnik (3)";25;
2604044;"Chmielnik - miasto (4)";25;
2604082;"Łopuszno (2)";28;
2604133;"Nowa Słupia (3)";14;
2604134;"Nowa Słupia - miasto (4)";14;
2604192;"Zagnańsk (2)";26;
2605000;"Powiat konecki";23;
2605033;"Końskie (3)";27;
2605034;"Końskie - miasto (4)";27;
2605083;"Stąporków (3)";11;
2605084;"Stąporków - miasto (4)";11;
2606000;"Powiat opatowski";26;
2606043;"Opatów (3)";25;
2606044;"Opatów - miasto (4)";25;
2606053;"Ożarów (3)";28;
2606054;"Ożarów - miasto (4)";28;
2607000;"Powiat ostrowiecki";27;
2607011;"Ostrowiec Świętokrzyski (1)";27;
2608000;"Powiat pińczowski";16;
2608043;"Pińczów (3)";15;
2608044;"Pińczów - miasto (4)";15;
2608052;"Złota (2)";17;
2609000;"Powiat sandomierski";25;
2609011;"Sandomierz (1)";25;
2609033;"Klimontów (3)";0;
2609034;"Klimontów - miasto (4)";0;
2610000;"Powiat skarżyski";24;
2610011;"Skarżysko-Kamienna (1)";26;
2610053;"Suchedniów (3)";2;
2610054;"Suchedniów - miasto (4)";2;
2611000;"Powiat starachowicki";28;
2611011;"Starachowice (1)";28;
2612000;"Powiat staszowski";24;
2612053;"Połaniec (3)";25;
2612054;"Połaniec - miasto (4)";25;
2612062;"Rytwiany (2)";14;
2612073;"Staszów (3)";27;
2612074;"Staszów - miasto (4)";27;
2613000;"Powiat włoszczowski";28;
2613063;"Włoszczowa (3)";28;
2613064;"Włoszczowa - miasto (4)";28;
2661000;"Powiat m.Kielce";23;
2661011;"Kielce (1)";23;
2800000;"WARMIŃSKO-MAZURSKIE";24;
2801000;"Powiat bartoszycki";24;
2801011;"Bartoszyce (1)";24;
2802000;"Powiat braniewski";21;
2802011;"Braniewo (1)";21;
2803000;"Powiat działdowski";25;
2803011;"Działdowo (1)";26;
2803022;"Działdowo (2)";25;
2803032;"Iłowo-Osada (2)";22;
2803043;"Lidzbark (3)";27;
2803044;"Lidzbark - miasto (4)";27;
2804000;"Powiat elbląski";25;
2804012;"Elbląg (2)";25;
2804073;"Pasłęk (3)";25;
2804074;"Pasłęk - miasto (4)";25;
2805000;"Powiat ełcki";24;
2805011;"Ełk (1)";24;
2806000;"Powiat giżycki";20;
2806011;"Giżycko (1)";20;
2807000;"Powiat iławski";27;
2807011;"Iława (1)";27;
2807021;"Lubawa (1)";27;
2807063;"Susz (3)";24;
2807064;"Susz - miasto (4)";24;
2808000;"Powiat kętrzyński";22;
2808011;"Kętrzyn (1)";25;
2808032;"Kętrzyn (2)";20;
2808053;"Reszel (3)";20;
2808054;"Reszel - miasto (4)";20;
2809000;"Powiat lidzbarski";24;
2809011;"Lidzbark Warmiński (1)";25;
2809053;"Orneta (3)";21;
2809054;"Orneta - miasto (4)";21;
2810000;"Powiat mrągowski";20;
2810011;"Mrągowo (1)";20;
2811000;"Powiat nidzicki";17;
2811022;"Janowo (2)";11;
2811043;"Nidzica (3)";18;
2811044;"Nidzica - miasto (4)";18;
2812000;"Powiat nowomiejski";25;
2812042;"Kurzętnik (2)";25;
2813000;"Powiat olecki";26;
2813043;"Olecko (3)";26;
2813044;"Olecko - miasto (4)";26;
2814000;"Powiat olsztyński";22;
2814023;"Biskupiec (3)";21;
2814024;"Biskupiec - miasto (4)";21;
2814033;"Dobre Miasto (3)";22;
2814034;"Dobre Miasto - miasto (4)";22;
2814093;"Olsztynek (3)";22;
2814094;"Olsztynek - miasto (4)";22;
2815000;"Powiat ostródzki";26;
2815011;"Ostróda (1)";28;
2815052;"Małdyty (2)";22;
2815083;"Morąg (3)";23;
2815084;"Morąg - miasto (4)";23;
2816000;"Powiat piski";23;
2816013;"Biała Piska (3)";21;
2816014;"Biała Piska - miasto (4)";21;
2816033;"Pisz (3)";22;
2816034;"Pisz - miasto (4)";22;
2816043;"Ruciane-Nida (3)";25;
2816044;"Ruciane-Nida - miasto (4)";25;
2817000;"Powiat szczycieński";27;
2817011;"Szczytno (1)";27;
2818000;"Powiat gołdapski";27;
2818033;"Gołdap (3)";27;
2818034;"Gołdap - miasto (4)";27;
2819000;"Powiat węgorzewski";24;
2819033;"Węgorzewo (3)";24;
2819034;"Węgorzewo - miasto (4)";24;
2861000;"Powiat m.Elbląg";27;
2861011;"Elbląg (1)";27;
2862000;"Powiat m.Olsztyn";24;
2862011;"Olsztyn (1)";24;
3000000;"WIELKOPOLSKIE";25;
3001000;"Powiat chodzieski";23;
3001011;"Chodzież (1)";21;
3001032;"Chodzież (2)";28;
3002000;"Powiat czarnkowsko-trzcianecki";20;
3002011;"Czarnków (1)";21;
3002022;"Czarnków (2)";26;
3002043;"Krzyż Wielkopolski (3)";26;
3002044;"Krzyż Wielkopolski - miasto (4)";26;
3002052;"Lubasz (2)";9;
3002073;"Trzcianka (3)";25;
3002074;"Trzcianka - miasto (4)";25;
3002083;"Wieleń (3)";22;
3002084;"Wieleń - miasto (4)";22;
3003000;"Powiat gnieźnieński";23;
3003011;"Gniezno (1)";23;
3003093;"Trzemeszno (3)";21;
3003094;"Trzemeszno - miasto (4)";21;
3003103;"Witkowo (3)";23;
3003104;"Witkowo - miasto (4)";23;
3004000;"Powiat gostyński";25;
3004023;"Gostyń (3)";26;
3004024;"Gostyń - miasto (4)";26;
3004033;"Krobia (3)";26;
3004034;"Krobia - miasto (4)";26;
3004052;"Piaski (2)";28;
3004063;"Pogorzela (3)";10;
3004064;"Pogorzela - miasto (4)";10;
3005000;"Powiat grodziski";27;
3005023;"Grodzisk Wielkopolski (3)";27;
3005024;"Grodzisk Wielkopolski - miasto (4)";27;
3006000;"Powiat jarociński";28;
3006023;"Jarocin (3)";28;
3006024;"Jarocin - miasto (4)";28;
3006025;"Jarocin - obszar wiejski (5)";30;
3007000;"Powiat kaliski";19;
3007062;"Lisków (2)";19;
3007083;"Opatówek (3)";19;
3007084;"Opatówek - miasto (4)";19;
3008000;"Powiat kępiński";26;
3008033;"Kępno (3)";26;
3008034;"Kępno - miasto (4)";26;
3009000;"Powiat kolski";21;
3009011;"Koło (1)";23;
3009063;"Kłodawa (3)";23;
3009064;"Kłodawa - miasto (4)";23;
3009072;"Koło (2)";21;
3009082;"Kościelec (2)";17;
3010000;"Powiat koniński";23;
3010103;"Sompolno (3)";21;
3010104;"Sompolno - miasto (4)";21;
3010112;"Stare Miasto (2)";24;
3011000;"Powiat kościański";25;
3011011;"Kościan (1)";24;
3011053;"Śmigiel (3)";26;
3011055;"Śmigiel - obszar wiejski (5)";26;
3012000;"Powiat krotoszyński";26;
3012033;"Koźmin Wielkopolski (3)";30;
3012034;"Koźmin Wielkopolski - miasto (4)";30;
3012043;"Krotoszyn (3)";26;
3012044;"Krotoszyn - miasto (4)";26;
3012063;"Zduny (3)";21;
3012064;"Zduny - miasto (4)";21;
3014000;"Powiat międzychodzki";23;
3014033;"Międzychód (3)";23;
3014034;"Międzychód - miasto (4)";23;
3014043;"Sieraków (3)";18;
3014044;"Sieraków - miasto (4)";18;
3015000;"Powiat nowotomyski";24;
3015012;"Kuślin (2)";24;
3015043;"Nowy Tomyśl (3)";26;
3015044;"Nowy Tomyśl - miasto (4)";26;
3015053;"Opalenica (3)";21;
3015054;"Opalenica - miasto (4)";21;
3015063;"Zbąszyń (3)";17;
3015064;"Zbąszyń - miasto (4)";17;
3016000;"Powiat obornicki";29;
3016013;"Oborniki (3)";27;
3016014;"Oborniki - miasto (4)";28;
3016015;"Oborniki - obszar wiejski (5)";27;
3016023;"Rogoźno (3)";33;
3016024;"Rogoźno - miasto (4)";33;
3017000;"Powiat ostrowski";30;
3017011;"Ostrów Wielkopolski (1)";31;
3017052;"Przygodzice (2)";24;
3018000;"Powiat ostrzeszowski";28;
3018073;"Ostrzeszów (3)";28;
3018074;"Ostrzeszów - miasto (4)";28;
3019000;"Powiat pilski";25;
3019011;"Piła (1)";25;
3019052;"Miasteczko Krajeńskie (2)";22;
3019083;"Wyrzysk (3)";25;
3019084;"Wyrzysk - miasto (4)";25;
3020000;"Powiat pleszewski";20;
3020063;"Pleszew (3)";20;
3020064;"Pleszew - miasto (4)";28;
3020065;"Pleszew - obszar wiejski (5)";12;
3021000;"Powiat poznański";22;
3021042;"Czerwonak (2)";22;
3021093;"Kórnik (3)";17;
3021094;"Kórnik - miasto (4)";17;
3021103;"Mosina (3)";22;
3021104;"Mosina - miasto (4)";22;
3021132;"Rokietnica (2)";23;
3021163;"Swarzędz (3)";24;
3021164;"Swarzędz - miasto (4)";24;
3021172;"Tarnowo Podgórne (2)";18;
3022000;"Powiat rawicki";22;
3022013;"Bojanowo (3)";18;
3022014;"Bojanowo - miasto (4)";18;
3022053;"Rawicz (3)";23;
3022054;"Rawicz - miasto (4)";23;
3023000;"Powiat słupecki";24;
3023011;"Słupca (1)";28;
3023072;"Strzałkowo (2)";14;
3023083;"Zagórów (3)";28;
3023084;"Zagórów - miasto (4)";28;
3024000;"Powiat szamotulski";24;
3024063;"Pniewy (3)";25;
3024064;"Pniewy - miasto (4)";25;
3024073;"Szamotuły (3)";23;
3024074;"Szamotuły - miasto (4)";23;
3024083;"Wronki (3)";24;
3024084;"Wronki - miasto (4)";24;
3025000;"Powiat średzki";27;
3025043;"Środa Wielkopolska (3)";27;
3025044;"Środa Wielkopolska - miasto (4)";27;
3026000;"Powiat śremski";22;
3026012;"Brodnica (2)";13;
3026043;"Śrem (3)";26;
3026044;"Śrem - miasto (4)";26;
3027000;"Powiat turecki";29;
3027011;"Turek (1)";30;
3027082;"Turek (2)";27;
3028000;"Powiat wągrowiecki";27;
3028011;"Wągrowiec (1)";27;
3028022;"Damasławek (2)";13;
3028033;"Gołańcz (3)";27;
3028034;"Gołańcz - miasto (4)";27;
3029000;"Powiat wolsztyński";20;
3029012;"Przemęt (2)";15;
3029033;"Wolsztyn (3)";20;
3029034;"Wolsztyn - miasto (4)";24;
3029035;"Wolsztyn - obszar wiejski (5)";15;
3030000;"Powiat wrzesiński";28;
3030053;"Września (3)";28;
3030054;"Września - miasto (4)";28;
3031000;"Powiat złotowski";26;
3031011;"Złotów (1)";26;
3061000;"Powiat m.Kalisz";23;
3061011;"Kalisz (1)";23;
3062000;"Powiat m.Konin";26;
3062011;"Konin (1)";26;
3063000;"Powiat m.Leszno";24;
3063011;"Leszno (1)";24;
3064000;"Powiat m.Poznań";25;
3064011;"Poznań (1)";25;
3200000;"ZACHODNIOPOMORSKIE";23;
3201000;"Powiat białogardzki";19;
3201011;"Białogard (1)";20;
3201033;"Karlino (3)";16;
3201034;"Karlino - miasto (4)";16;
3202000;"Powiat choszczeński";20;
3202023;"Choszczno (3)";20;
3202024;"Choszczno - miasto (4)";20;
3203000;"Powiat drawski";25;
3203013;"Czaplinek (3)";24;
3203014;"Czaplinek - miasto (4)";24;
3203023;"Drawsko Pomorskie (3)";27;
3203024;"Drawsko Pomorskie - miasto (4)";27;
3203033;"Kalisz Pomorski (3)";22;
3203034;"Kalisz Pomorski - miasto (4)";22;
3204000;"Powiat goleniowski";25;
3204023;"Goleniów (3)";27;
3204024;"Goleniów - miasto (4)";27;
3204043;"Nowogard (3)";23;
3204044;"Nowogard - miasto (4)";23;
3205000;"Powiat gryficki";15;
3205023;"Gryfice (3)";15;
3205024;"Gryfice - miasto (4)";15;
3205043;"Płoty (3)";16;
3205044;"Płoty - miasto (4)";16;
3206000;"Powiat gryfiński";21;
3206033;"Chojna (3)";18;
3206034;"Chojna - miasto (4)";18;
3206043;"Gryfino (3)";25;
3206044;"Gryfino - miasto (4)";25;
3206053;"Mieszkowice (3)";20;
3206054;"Mieszkowice - miasto (4)";20;
3207000;"Powiat kamieński";19;
3207033;"Kamień Pomorski (3)";19;
3207034;"Kamień Pomorski - miasto (4)";18;
3207035;"Kamień Pomorski - obszar wiejski (5)";21;
3207063;"Wolin (3)";20;
3207064;"Wolin - miasto (4)";20;
3208000;"Powiat kołobrzeski";26;
3208011;"Kołobrzeg (1)";26;
3208033;"Gościno (3)";25;
3208034;"Gościno - miasto (4)";25;
3209000;"Powiat koszaliński";19;
3209042;"Manowo (2)";19;
3210000;"Powiat myśliborski";17;
3210013;"Barlinek (3)";22;
3210014;"Barlinek - miasto (4)";22;
3210033;"Dębno (3)";20;
3210034;"Dębno - miasto (4)";20;
3210043;"Myślibórz (3)";13;
3210044;"Myślibórz - miasto (4)";13;
3211000;"Powiat policki";18;
3211043;"Police (3)";18;
3211044;"Police - miasto (4)";18;
3212000;"Powiat pyrzycki";18;
3212053;"Pyrzyce (3)";18;
3212054;"Pyrzyce - miasto (4)";18;
3213000;"Powiat sławieński";24;
3213011;"Darłowo (1)";26;
3213021;"Sławno (1)";19;
3214000;"Powiat stargardzki";24;
3214011;"Stargard (1)";24;
3215000;"Powiat szczecinecki";25;
3215011;"Szczecinek (1)";25;
3216000;"Powiat świdwiński";30;
3216011;"Świdwin (1)";30;
3216033;"Połczyn-Zdrój (3)";27;
3216034;"Połczyn-Zdrój - miasto (4)";27;
3217000;"Powiat wałecki";17;
3217011;"Wałcz (1)";17;
3218000;"Powiat łobeski";22;
3218023;"Łobez (3)";22;
3218024;"Łobez - miasto (4)";22;
3261000;"Powiat m.Koszalin";22;
3261011;"Koszalin (1)";22;
3262000;"Powiat m.Szczecin";24;
3262011;"Szczecin (1)";24;
3263000;"Powiat m.Świnoujście";21;
3263011;"Świnoujście (1)";21;
